activation,excitation,derivative
0,0.01,0
0,0.050000000000000003,7.766990291262136
0,0.34999999999999998,66.019417475728147
0,1,192.23300970873785
0.01,0.01,0
0.01,0.050000000000000003,7.766990291262136
0.01,0.34999999999999998,66.019417475728147
0.01,1,192.23300970873785
0.050000000000000003,0.01,-0.57499999999999996
0.050000000000000003,0.050000000000000003,0
0.050000000000000003,0.34999999999999998,52.173913043478258
0.050000000000000003,1,165.21739130434781
0.20000000000000001,0.01,-3.8000000000000003
0.20000000000000001,0.050000000000000003,-3.0000000000000009
0.20000000000000001,0.34999999999999998,18.749999999999996
0.20000000000000001,1,100
0.5,0.01,-15.3125
0.5,0.050000000000000003,-14.0625
0.5,0.34999999999999998,-4.6875000000000009
0.5,1,40
1,0.01,-49.5
1,0.050000000000000003,-47.5
1,0.34999999999999998,-32.5
1,1,0
1.1000000000000001,0.01,-49.5
1.1000000000000001,0.050000000000000003,-47.5
1.1000000000000001,0.34999999999999998,-32.5
1.1000000000000001,1,0
