time,activation,q,tendon_force_N,velocity_normalized
0,1,1.1001000000000001,97.442036737780739,1.9643318407147614e-05
0.001,1,1.1001001966263377,97.442036737780739,1.9681961775652734e-05
0.002,1,1.1001003936394895,97.442036737780739,1.972068124161952e-05
0.0030000000000000001,1,1.1001005910402168,97.442036737780739,1.9759476956038302e-05
0.0040000000000000001,1,1.1001007888292833,97.442036737780739,1.9798349068234078e-05
0.0050000000000000001,1,1.1001009870074534,97.442036737780739,1.9837297730307402e-05
0.0060000000000000001,1,1.1001011855754934,97.442036737780739,1.987632309158327e-05
0.0070000000000000001,1,1.1001013845341709,97.442036737780739,1.9915425304717349e-05
0.0080000000000000002,1,1.1001015838842556,97.442036737780739,1.9954604521255082e-05
0.0090000000000000011,1,1.1001017836265183,97.442036737780739,1.999386089274191e-05
0.01,1,1.100101983761731,97.442036737780739,2.003319457127839e-05
0.011000000000000001,1,1.1001021842906678,97.442036737780739,2.0072605710075297e-05
0.012,1,1.1001023852141039,97.442036737780739,2.0112094461233188e-05
0.013000000000000001,1,1.1001025865328162,97.442036737780739,2.0151660978517949e-05
0.014,1,1.1001027882475833,97.442036737780739,2.0191305415695471e-05
0.015000000000000001,1,1.1001029903591848,97.442036737780739,2.0231027925421419e-05
0.016,1,1.1001031928684024,97.442036737780739,2.0270828662571905e-05
0.017000000000000001,1,1.1001033957760193,97.442036737780739,2.0310707780912818e-05
0.018000000000000002,1,1.1001035990828198,97.442036737780739,2.0350665435875381e-05
0.019,1,1.1001038027895902,97.442036737780739,2.0390701781780596e-05
0.02,1,1.1001040068971182,97.442036737780739,2.0430816974614796e-05
0.021000000000000001,1,1.1001042114061927,97.442036737780739,2.0471011169254094e-05
0.022000000000000002,1,1.1001044163176052,97.442036737780739,2.0511284521684825e-05
0.023,1,1.1001046216321479,97.442036737780739,2.0551637189003547e-05
0.024,1,1.1001048273506147,97.442036737780739,2.0592069326641482e-05
0.025000000000000001,1,1.1001050334738001,97.442036737780739,2.0632581092250302e-05
0.026000000000000002,1,1.1001052400025026,97.442036737780739,2.0673172642371451e-05
0.027,1,1.1001054469375202,97.442036737780739,2.0713844135211712e-05
0.028000000000000001,1,1.1001056542796528,97.442036737780739,2.075459572731253e-05
0.029000000000000001,1,1.1001058620297024,97.442036737780739,2.079542757799091e-05
0.030000000000000002,1,1.1001060701884724,97.442036737780739,2.0836339844898522e-05
0.031,1,1.1001062787567677,97.442036737780739,2.0877332686797256e-05
0.032000000000000001,1,1.100106487735395,97.442036737780739,2.091840626355923e-05
0.033000000000000002,1,1.1001066971251618,97.442036737780739,2.0959560733391225e-05
0.034000000000000002,1,1.1001069069268792,97.442036737780739,2.1000796256720466e-05
0.035000000000000003,1,1.1001071171413579,97.442036737780739,2.1042112992863959e-05
0.036000000000000004,1,1.1001073277694102,97.442036737780739,2.1083511102804042e-05
0.037000000000000005,1,1.1001075388118515,97.442036737780739,2.1124990746967942e-05
0.037999999999999999,1,1.1001077502694976,97.442036737780739,2.1166552085782886e-05
0.039,1,1.1001079621431664,97.442036737780739,2.1208195281341435e-05
0.040000000000000001,1,1.1001081744336767,97.442036737780739,2.1249920494070818e-05
0.041000000000000002,1,1.1001083871418498,97.442036737780739,2.1291727887173817e-05
0.042000000000000003,1,1.1001086002685088,97.442036737780739,2.1333617621632772e-05
0.043000000000000003,1,1.1001088138144772,97.442036737780739,2.1375589861205579e-05
0.044000000000000004,1,1.1001090277805816,97.442036737780739,2.1417644767429689e-05
0.045000000000000005,1,1.1001092421676488,97.442036737780739,2.1459782504618108e-05
0.045999999999999999,1,1.1001094569765086,97.442036737780739,2.1502003235973621e-05
0.047,1,1.1001096722079911,97.442036737780739,2.1544307124699014e-05
0.048000000000000001,1,1.100109887862929,97.442036737780739,2.1586694335107293e-05
0.049000000000000002,1,1.1001101039421559,97.442036737780739,2.1629165032621689e-05
0.050000000000000003,1,1.1001103204465081,97.442036737780739,2.1671719381000099e-05
