curve,x,value,derivative
active,0.39410000000000001,0,0
active,0.406335,0,0
active,0.41857,0,0
active,0.43080499999999999,0,0
active,0.44303999999999999,0,0
active,0.45527499999999999,0.00041304572469753897,0.12923711249747852
active,0.46750999999999998,0.0067889059724795748,1.1765358494861535
active,0.47974499999999998,0.032667256675046177,2.8628475516050731
active,0.49197999999999997,0.071331493969355411,3.3391045293665775
active,0.50421499999999997,0.11306032009774133,3.4596491693213216
active,0.51644999999999996,0.15569747941896314,3.5037835904378118
active,0.52868499999999996,0.19870350127786521,3.5238415674596451
active,0.54092000000000007,0.24188648653106826,3.5339929673616477
active,0.55315500000000006,0.28516097725993933,3.5393206785081812
active,0.56539000000000006,0.328483095785299,3.5420235848050883
active,0.57762500000000006,0.37182806887923792,3.5431846563295166
active,0.58986000000000005,0.41518088785554486,3.5433149847860874
active,0.60209500000000005,0.45851974150147951,3.540294577217308
active,0.61433000000000004,0.50178676217376683,3.5310514259631507
active,0.62656500000000004,0.54488206481207724,3.5112638247048342
active,0.63880000000000003,0.58763170900787898,3.4726514966530995
active,0.65103500000000003,0.62971400888656259,3.398143635978478
active,0.66327000000000003,0.6704908358702204,3.2502595380365444
active,0.67550500000000002,0.70863203066737168,2.9496867999476772
active,0.68774000000000002,0.74163021666567674,2.4025742457576684
active,0.69997500000000001,0.76697646822449439,1.756592383095875
active,0.71221000000000001,0.78556269853632477,1.3262751822014931
active,0.72444500000000001,0.80030917947006941,1.1098920811047921
active,0.73668,0.81315383399022834,1.0015164618723396
active,0.748915,0.82501622146856857,0.94319176882231315
active,0.76114999999999999,0.83633315849459722,0.90966316905706768
active,0.77338499999999999,0.84732952141612139,0.88951359400025476
active,0.78561999999999999,0.85813093030413823,0.877138063595298
active,0.79785499999999998,0.86881247638268533,0.86955633128805387
active,0.81008999999999998,0.87942151967057214,0.86507223340439254
active,0.82232499999999997,0.88998921326363178,0.86266459967746856
active,0.83455999999999997,0.90053673570322101,0.86168951725587672
active,0.84679499999999996,0.91107845326720716,0.86154644131905278
active,0.85902999999999996,0.92161729716206697,0.8611034158960027
active,0.87126499999999996,0.93214690082436957,0.85997840517793411
active,0.88349999999999995,0.94265625968410582,0.85768354019944215
active,0.89573499999999995,0.95312575349732764,0.85322680245850957
active,0.90797000000000005,0.96351703191647631,0.84432398141971499
active,0.92020499999999994,0.97374434722240744,0.82472942820292938
active,0.93243999999999994,0.98357432704135273,0.77305135746639819
active,0.94467500000000004,0.99221326128159659,0.60710561413593722
active,0.95691000000000004,0.99759394336863538,0.26626095514753756
active,0.96914499999999992,0.99945028679514536,0.072637134554387417
active,0.98138000000000003,0.9999171781495334,0.01559921632981221
active,0.99361500000000003,0.99999752375475937,0.0012179756740715122
active,1.0058500000000001,0.99999718014549932,-0.0014853228576816259
active,1.0180849999999999,0.99990044765017316,-0.018027284901843119
active,1.0303200000000001,0.99943066070678355,-0.06567654745795494
active,1.0425550000000001,0.99806626540493515,-0.16931581114180291
active,1.0547900000000001,0.99493296498995165,-0.35895093213373114
active,1.0670249999999999,0.98893286002724257,-0.63106024649390069
active,1.0792600000000001,0.97948373262286959,-0.90490877595295649
active,1.0914950000000001,0.96712461251806769,-1.1000938385171999
active,1.1037300000000001,0.95289408283765864,-1.2152860513230657
active,1.1159650000000001,0.93758738124750918,-1.2808363618628462
active,1.1282000000000001,0.92166023298608657,-1.3194935048569678
active,1.1404350000000001,0.90535806606083102,-1.3435687250815613
active,1.1526700000000001,0.88881644871658572,-1.3593746745057389
active,1.1649050000000001,0.87211415599204123,-1.3702328131770856
active,1.1771400000000001,0.85529945520889461,-1.3779763087417778
active,1.1893750000000001,0.83840338406738657,-1.3836693493883967
active,1.2016100000000001,0.82144675686174762,-1.3879594755656592
active,1.2138450000000001,0.80444404305542783,-1.3912575786852954
active,1.2260800000000001,0.78740561509606122,-1.3938341574680235
active,1.2383150000000001,0.77033910654047699,-1.3958731028562672
active,1.2505500000000001,0.7532502637026679,-1.3975029897241569
active,1.262785,0.73614349759200037,-1.3988159585459172
active,1.27502,0.71902225220965144,-1.3998794878162184
active,1.287255,0.70188925675485414,-1.4007439523704448
active,1.29949,0.68474670236376434,-1.4014476053990801
active,1.311725,0.66759636854277882,-1.4020199408577396
active,1.32396,0.65043971530347156,-1.4024840116762776
active,1.336195,0.63327795143159427,-1.4028580591587487
active,1.34843,0.61611208584013277,-1.4031566784573037
active,1.360665,0.59894296672977709,-1.4033916656007108
active,1.3729,0.58177131182588804,-1.4035726421145356
active,1.385135,0.56459773199256957,-1.4037075218179205
active,1.39737,0.54742274986785155,-1.4038028639780602
active,1.409605,0.53024681471144031,-1.40386414352514
active,1.42184,0.51307031433983452,-1.4038959599767389
active,1.434075,0.4958935843791043,-1.4039026286699963
active,1.44631,0.47871686381721557,-1.4038966205881722
active,1.458545,0.4615402712347863,-1.4038814934414023
active,1.47078,0.44436392656014678,-1.4038558416197031
active,1.483015,0.42718796847914098,-1.4038179953846124
active,1.49525,0.41001255803226111,-1.4037659585221689
active,1.507485,0.39283788308005402,-1.4036973278692175
active,1.51972,0.37566416389527185,-1.4036091883533179
active,1.531955,0.35849166023321954,-1.4034979745378315
active,1.54419,0.34132068036444801,-1.4033592857219415
active,1.5564249999999999,0.32415159274632582,-1.4031876356775417
active,1.5686599999999999,0.30698484129367426,-1.4029761088994646
active,1.5808949999999999,0.28982096563453996,-1.402715880753207
active,1.5931299999999999,0.27266062838978244,-1.4023955355735043
active,1.6053649999999999,0.25550465253744109,-1.4020000782723465
active,1.6175999999999999,0.23835407356407273,-1.4015094697510349
active,1.6298349999999999,0.22121021381294051,-1.4008964023715267
active,1.6420699999999999,0.20407479104421805,-1.400122825643606
active,1.6543049999999999,0.18695008132804333,-1.3991343454327809
active,1.6665399999999999,0.16983917122206851,-1.3978508620860965
active,1.6787749999999999,0.15274636254762733,-1.3961502537522565
active,1.6910099999999999,0.13567785014920514,-1.3938385190329199
active,1.7032449999999999,0.11864291483872348,-1.3905919184046547
active,1.7154799999999999,0.1016561523512816,-1.385836935567518
active,1.7277149999999999,0.084741950677381606,-1.3784799124059084
active,1.7399499999999999,0.067944319715602414,-1.3662342178592453
active,1.7521849999999999,0.051350982928666293,-1.3437304804102628
active,1.7644199999999999,0.035160950677609659,-1.2964062491509962
active,1.7766549999999999,0.019904574013308134,-1.1780932334275607
active,1.7888899999999999,0.0072009895307071064,-0.84142526954176911
active,1.8011249999999999,0.00072612414575854681,-0.21324885555700462
active,1.8133599999999999,0,0
active,1.8255949999999999,0,0
active,1.8378299999999999,0,0
active,1.8500649999999998,0,0
active,1.8622999999999998,0,0
velocity,-1.05,0,0
velocity,-1.0325,0,0
velocity,-1.0150000000000001,0,0
velocity,-0.99750000000000005,2.9073279896385424e-07,0.00035784186647552422
velocity,-0.97999999999999998,0.00022750733744570658,0.03689419841344585
velocity,-0.96250000000000002,0.001448401751122954,0.098148458006297873
velocity,-0.94500000000000006,0.0035009192854685953,0.1348289513916715
velocity,-0.92749999999999999,0.0062404209650261909,0.18358417282884215
velocity,-0.91000000000000003,0.01002319378485457,0.24241616703864918
velocity,-0.89250000000000007,0.014375139175653886,0.25005596380153533
velocity,-0.875,0.01875534959633867,0.25065336222889917
velocity,-0.85750000000000004,0.023152287487513568,0.25198497784706181
velocity,-0.84000000000000008,0.027579745096395339,0.2541606533241092
velocity,-0.82250000000000001,0.032053544307493353,0.25730256865048884
velocity,-0.80500000000000005,0.036591754731609756,0.26154541768105694
velocity,-0.78750000000000009,0.041214910490091301,0.26703604981889179
velocity,-0.77000000000000002,0.045946214502119748,0.2739323608846666
velocity,-0.75249999999999995,0.050811714980760182,0.28240118190643632
velocity,-0.73499999999999999,0.055840434241295756,0.29261489485147391
velocity,-0.71750000000000003,0.061064425222403927,0.30474651546100134
velocity,-0.70000000000000007,0.066518727023260643,0.3189630449487465
velocity,-0.68250000000000011,0.072241188338601062,0.33541702577764709
velocity,-0.66500000000000004,0.078272128350200434,0.35423645937371501
velocity,-0.64749999999999996,0.084653810028337467,0.37551355908823031
velocity,-0.63,0.09142971238525445,0.39929319749912334
velocity,-0.61250000000000004,0.09864360677295432,0.42556230363750475
velocity,-0.59499999999999997,0.10633846720255083,0.45424177382603159
velocity,-0.57750000000000001,0.11455527326744652,0.48518255583541303
velocity,-0.56000000000000005,0.1233317918372302,0.51816733852435515
velocity,-0.54249999999999998,0.13270144404559919,0.55291868089229212
velocity,-0.52500000000000002,0.14269237110998984,0.58911350909936155
velocity,-0.50749999999999995,0.15332680227952061,0.62640288296871105
velocity,-0.48999999999999999,0.16462080083203565,0.66443504836719181
velocity,-0.47250000000000003,0.17658442430603907,0.7028792997991381
velocity,-0.45499999999999996,0.18922229138979776,0.74144821966157481
velocity,-0.4375,0.20253450949059293,0.77991641384382282
velocity,-0.41999999999999993,0.21651789160244495,0.81813475831034721
velocity,-0.40249999999999997,0.23116738260585723,0.85604016978765596
velocity,-0.38500000000000012,0.24647762342119764,0.89366180300488829
velocity,-0.36750000000000005,0.2624446033748899,0.93112523701475147
velocity,-0.35000000000000009,0.27906738248783663,0.96865663626776499
velocity,-0.33250000000000002,0.29634990265153416,1.006589144270468
velocity,-0.31500000000000006,0.31430294839239259,1.0453740352976024
velocity,-0.2975000000000001,0.33294636561950813,1.0855995964461402
velocity,-0.28000000000000003,0.35231170541930573,1.1280215614130205
velocity,-0.26250000000000007,0.3724455391030792,1.1736104678796464
velocity,-0.245,0.39341380628293693,1.2236240184988314
velocity,-0.22750000000000004,0.41530773605806315,1.2797171500630053
velocity,-0.20999999999999996,0.43825216638050846,1.3441103651103341
velocity,-0.1925,0.46241755274296353,1.4198502065077248
velocity,-0.17500000000000004,0.48803773023592589,1.5112182534827239
velocity,-0.15749999999999997,0.51543677710570135,1.6243818503903389
velocity,-0.14000000000000001,0.54507041056212002,1.7684339219312524
velocity,-0.12249999999999994,0.57759041625104912,1.9570194216189403
velocity,-0.10499999999999998,0.61394365442880705,2.2106440063413277
velocity,-0.087500000000000022,0.65551288135449282,2.5588119655096637
velocity,-0.069999999999999951,0.70426187776097549,3.0367560205434927
velocity,-0.052499999999999991,0.76265478520448149,3.6581187194763407
velocity,-0.03499999999999992,0.83266565610852417,4.3365455744589889
velocity,-0.017500000000000071,0.91340176750590529,4.8399937449552688
velocity,0,1,5.0000000000000009
velocity,0.017499999999999849,1.0827085527094908,4.1677530579398914
velocity,0.035000000000000142,1.1410967615898695,2.5611000115707787
velocity,0.052499999999999991,1.1764397207244628,1.5875692010142506
velocity,0.070000000000000062,1.1994053136010914,1.0895312710758993
velocity,0.087499999999999911,1.2158371472243314,0.8129153782974915
velocity,0.10499999999999998,1.228473059598866,0.64377480827575295
velocity,0.12250000000000005,1.238699675111151,0.53206458751377461
velocity,0.14000000000000012,1.2472884637753308,0.45381659161662874
velocity,0.15749999999999997,1.2547043687760786,0.39650161465603695
velocity,0.17500000000000004,1.261246423045653,0.35305912573448606
velocity,0.19249999999999989,1.2671173420134281,0.31924968481696747
velocity,0.21000000000000019,1.2724605141062766,0.29238679865656508
velocity,0.22750000000000004,1.2773809007647421,0.27068821328435211
velocity,0.24500000000000011,1.2819574898800996,0.25292481741180201
velocity,0.26249999999999996,1.286251071940625,0.23822094184817696
velocity,0.2799999999999998,1.2903093000484225,0.22593557015200505
velocity,0.2975000000000001,1.2941701032953412,0.21558874070347317
velocity,0.31499999999999995,1.2978640620725321,0.20681423379328018
velocity,0.33250000000000002,1.3014161055136189,0.19932813496019436
velocity,0.34999999999999987,1.3048467522163445,0.19290732964622431
velocity,0.36749999999999994,1.3081730346864597,0.18737441342063968
velocity,0.38500000000000001,1.3114091994882844,0.18258686887460721
velocity,0.40250000000000008,1.3145672450368449,0.17842915448975519
velocity,0.41999999999999993,1.317657339766932,0.17480682673755729
velocity,0.4375,1.3206881508065029,0.17164211042935637
velocity,0.45499999999999985,1.3236671047952209,0.16887051874023476
velocity,0.47250000000000014,1.3266005966491701,0.16643824567685445
velocity,0.48999999999999999,1.3294941579751802,0.16430013461966486
velocity,0.50750000000000006,1.332352593913221,0.16241808159580379
velocity,0.52499999999999991,1.3351800950654886,0.16075977009423598
velocity,0.54249999999999998,1.3379803296137862,0.15929766113741745
velocity,0.56000000000000005,1.3407565195694415,0.15800818157640731
velocity,0.57750000000000012,1.3435115042304764,0.15687106753781849
velocity,0.59499999999999997,1.346247793261182,0.15586883019604406
velocity,0.61250000000000004,1.3489676113045226,0.15498631864260895
velocity,0.63000000000000012,1.3516729356484327,0.15421036031461788
velocity,0.64750000000000019,1.3543655281645151,0.15352946374300824
velocity,0.66500000000000004,1.3570469625008779,0.15293357165523055
velocity,0.68250000000000011,1.3597186473243916,0.15241385497907509
velocity,0.69999999999999996,1.36238184625992,0.15196254023532374
velocity,0.71750000000000025,1.3650376950563687,0.15157276431634492
velocity,0.7350000000000001,1.3676872164150851,0.15123845182877144
velocity,0.75249999999999995,1.3703313328402342,0.15095421110778778
velocity,0.77000000000000002,1.3729708778093106,0.15071524574590647
velocity,0.78749999999999987,1.3756066055120375,0.1505172790639541
velocity,0.80500000000000016,1.378239199365106,0.15035648941941956
velocity,0.82250000000000001,1.3808692794767887,0.15022945462266121
velocity,0.84000000000000008,1.3834974092079353,0.15013310403423399
velocity,0.85749999999999993,1.38612410095311,0.15006467716185937
velocity,0.875,1.3887498212467608,0.15002168777507124
velocity,0.89250000000000007,1.3913749952835957,0.150001892718504
velocity,0.91000000000000014,1.3939980163560521,0.14935465232116579
velocity,0.92749999999999999,1.3965564778401023,0.14027680886945904
velocity,0.94500000000000006,1.3987040096117502,0.096241021420584702
velocity,0.96250000000000013,1.3997550350742538,0.028196316602445627
velocity,0.9800000000000002,1.3999791369824486,0.0037449553854132199
velocity,0.99750000000000028,1.3999999741095011,3.1656917929219197e-05
velocity,1.0149999999999999,1.3999999999999999,0
velocity,1.0325,1.3999999999999999,0
velocity,1.05,1.3999999999999999,0
passive,0.94999999999999996,0,0
passive,0.95666666666666667,0,0
passive,0.96333333333333326,0,0
passive,0.96999999999999997,0,0
passive,0.97666666666666657,0,0
passive,0.98333333333333328,0,0
passive,0.98999999999999999,0,0
passive,0.99666666666666659,0,0
passive,1.0033333333333332,2.1816164017359879e-06,0.002134038033034389
passive,1.01,9.5290549629717977e-05,0.033865670506440418
passive,1.0166666666666666,0.000521077183878204,0.093156232642921416
passive,1.0233333333333332,0.0013305461400256475,0.15131437065956921
passive,1.03,0.0025083902327452472,0.19431037581713839
passive,1.0366666666666666,0.0038333404935474856,0.20001291552170669
passive,1.0433333333333332,0.005167584699365008,0.20033400214799096
passive,1.05,0.006505492810261207,0.20111974609460265
passive,1.0566666666666666,0.0078503200498141277,0.20241805581514341
passive,1.0633333333333332,0.0092056543760830837,0.20428087603968503
passive,1.0700000000000001,0.01057544401570841,0.20676437035587955
passive,1.0766666666666667,0.01196402609848113,0.20992906644974671
passive,1.0833333333333333,0.013376156093750355,0.2138399485890467
passive,1.0899999999999999,0.014817037636760282,0.21856647873633323
passive,1.0966666666666667,0.016292352197600581,0.22418252425521071
passive,1.1033333333333333,0.017808287886878771,0.23076616667861899
passive,1.1099999999999999,0.019371566510765093,0.23839936268896655
passive,1.1166666666666667,0.020989467786028022,0.24716742567655878
passive,1.1233333333333333,0.022669849408206603,0.25715829448833349
passive,1.1299999999999999,0.024421161442061447,0.26846155589243031
passive,1.1366666666666667,0.026252453286556336,0.28116718964636345
passive,1.1433333333333333,0.028173371276100822,0.29536401075905233
passive,1.1499999999999999,0.030194144841010264,0.31113779351129894
passive,1.1566666666666667,0.032325559094505116,0.32856907689438997
passive,1.1633333333333333,0.034578911777382232,0.34773067192628931
passive,1.1699999999999999,0.036965952713383009,0.36868491788776614
passive,1.1766666666666667,0.039498804344986489,0.39148076618220051
passive,1.1833333333333333,0.042189862559506144,0.41615080550400951
passive,1.1899999999999999,0.045051677891818187,0.44270837729812329
passive,1.1966666666666665,0.048096818291333401,0.47114496184243387
passive,1.2033333333333334,0.051337715923530085,0.50142803742294617
passive,1.21,0.054786501860179387,0.53349962234289983
passive,1.2166666666666666,0.058454833880665961,0.56727569682802381
passive,1.2233333333333334,0.062353723814105255,0.60264666594444971
passive,1.23,0.066493371740115992,0.63947896508916524
passive,1.2366666666666666,0.070883014787074872,0.67761782993724495
passive,1.2433333333333332,0.07553079810922432,0.71689116044587253
passive,1.25,0.080443674838625565,0.75711431441182742
passive,1.2566666666666666,0.085627340423532594,0.79809558256270718
passive,1.2633333333333332,0.09108620489208312,0.83964203597129783
passive,1.27,0.096823404399406107,0.8815654064235473
passive,1.2766666666666666,0.10284085115009313,0.92368766510947409
passive,1.2833333333333332,0.10913931866649913,0.96584600292328593
passive,1.29,0.11571855759754235,1.0078969799609632
passive,1.2966666666666666,0.1225774359755315,1.0497196922143801
passive,1.3033333333333332,0.12971409709902293,1.0912178884075217
passive,1.3100000000000001,0.13712612804130642,1.1323210487126567
passive,1.3166666666666667,0.14481073208699427,1.1729845015813536
passive,1.3233333333333333,0.15276489907023927,1.2131887003942676
passive,1.3300000000000001,0.16098556849441625,1.2529378067902344
passive,1.3366666666666667,0.16946978132314178,1.2922577339501253
passive,1.3433333333333333,0.17821481733219383,1.3311937942770669
passive,1.3500000000000001,0.18721831581403398,1.369808076260888
passive,1.3566666666666667,0.19647837817440378,1.4081766493749404
passive,1.3633333333333333,0.20599365152581273,1.4463866676969404
passive,1.3700000000000001,0.21576339276243023,1.4845334158850643
passive,1.3766666666666667,0.22578751281098111,1.5227173176679845
passive,1.3833333333333333,0.23606660082287467,1.5610409088832398
passive,1.3900000000000001,0.24660192804383857,1.5996057655112528
passive,1.3966666666666665,0.2573954310152094,1.6385093728858477
passive,1.4033333333333333,0.2684496736762827,1.6778419258081279
passive,1.4099999999999999,0.27976778790278961,1.7176830608839775
passive,1.4166666666666665,0.29135339208624406,1.7580985419559765
passive,1.4233333333333333,0.30321048758393276,1.7991369464236247
passive,1.4299999999999999,0.31534333329504671,1.8408264332146522
passive,1.4366666666666665,0.32775629927788269,1.8831717098306024
passive,1.4433333333333334,0.34045370122950536,1.926151352623275
passive,1.45,0.35343961878743502,1.969715666299495
passive,1.4566666666666666,0.36671770193032227,2.0137852894906674
passive,1.4633333333333334,0.38029097115573551,2.058250756413448
passive,1.47,0.39416161845939335,2.1029732040640958
passive,1.4766666666666666,0.40833081725753817,2.1477863658736203
passive,1.4833333333333334,0.42279855009202788,2.1924999156959686
passive,1.4899999999999998,0.43756346305707428,2.2369041246585457
passive,1.4966666666666666,0.45262275525469675,2.2807756774114134
passive,1.5033333333333334,0.46797211017071305,2.3238843780004825
passive,1.51,0.48360567371834295,2.3660003759119501
passive,1.5166666666666666,0.49951608098889411,2.4069014761683389
passive,1.5233333333333334,0.51569453074272786,2.4463800759271876
passive,1.53,0.53213090369184279,2.4842492989415712
passive,1.5366666666666666,0.54881391799685519,2.5203479750282316
passive,1.5433333333333334,0.56573131340421412,2.5545442229464732
passive,1.5499999999999998,0.58287005426666116,2.5867375249750655
passive,1.5566666666666666,0.60021654138315439,2.6168593113656411
passive,1.5633333333333335,0.617756823106272,2.6448721861056885
passive,1.5699999999999998,0.63547679734206364,2.6707680102209181
passive,1.5766666666666667,0.65336239769721827,2.6945651095486012
passive,1.5833333333333333,0.671399758882259,2.7163048908824674
passive,1.5900000000000001,0.68957535834696837,2.7360481386307458
passive,1.5966666666666667,0.70787613283854856,2.7538712313601854
passive,1.6033333333333335,0.72628957002264016,2.7698624723285334
passive,1.6099999999999999,0.74480377643538365,2.784118678122574
passive,1.6166666666666667,0.76340752383154098,2.7967421209622119
passive,1.6233333333333335,0.78209027648353735,2.8078378772557482
passive,1.6299999999999999,0.8008422022150995,2.8175115998478262
passive,1.6366666666666667,0.8196541699759583,2.8258677047867953
passive,1.6433333333333333,0.8385177366370401,2.8330079449492538
passive,1.6499999999999999,0.85742512545954319,2.8390303314302074
passive,1.6566666666666667,0.87636919840873262,2.8440283578701884
passive,1.6633333333333333,0.8953434241776359,2.8480904814373282
passive,1.6699999999999999,0.91434184348104586,2.8512998157253731
passive,1.6766666666666667,0.93335903289270516,2.8537339942857169
passive,1.6833333333333331,0.9523900682380112,2.8554651680318419
passive,1.6899999999999999,0.97143048832591838,2.8565601047087328
passive,1.6966666666666668,0.99047625960823693,2.8570803635715256
passive,1.7033333333333334,1.0095238095238097,2.8571428571428572
passive,1.71,1.0285714285714287,2.8571428571428572
passive,1.7166666666666668,1.0476190476190481,2.8571428571428572
passive,1.7233333333333334,1.0666666666666669,2.8571428571428572
passive,1.73,1.0857142857142859,2.8571428571428572
passive,1.7366666666666668,1.1047619047619053,2.8571428571428572
passive,1.7433333333333332,1.1238095238095236,2.8571428571428572
passive,1.75,1.142857142857143,2.8571428571428572
tendon,0.94999999999999996,0,0
tendon,0.95114267676767672,0,0
tendon,0.95228535353535348,0,0
tendon,0.95342803030303025,0,0
tendon,0.95457070707070701,0,0
tendon,0.95571338383838378,0,0
tendon,0.95685606060606054,0,0
tendon,0.95799873737373731,0,0
tendon,0.95914141414141407,0,0
tendon,0.96028409090909084,0,0
tendon,0.9614267676767676,0,0
tendon,0.96256944444444437,0,0
tendon,0.96371212121212113,0,0
tendon,0.9648547979797979,0,0
tendon,0.96599747474747466,0,0
tendon,0.96714015151515142,0,0
tendon,0.9682828282828283,0,0
tendon,0.96942550505050507,0,0
tendon,0.97056818181818183,0,0
tendon,0.97171085858585859,0,0
tendon,0.97285353535353536,0,0
tendon,0.97399621212121212,0,0
tendon,0.97513888888888889,0,0
tendon,0.97628156565656565,0,0
tendon,0.97742424242424242,0,0
tendon,0.97856691919191918,0,0
tendon,0.97970959595959595,0,0
tendon,0.98085227272727271,0,0
tendon,0.98199494949494948,0,0
tendon,0.98313762626262624,0,0
tendon,0.98428030303030301,0,0
tendon,0.98542297979797977,0,0
tendon,0.98656565656565653,0,0
tendon,0.9877083333333333,0,0
tendon,0.98885101010101006,0,0
tendon,0.98999368686868683,0,0
tendon,0.99113636363636359,0,0
tendon,0.99227904040404036,0,0
tendon,0.99342171717171712,0,0
tendon,0.99456439393939389,0,0
tendon,0.99570707070707065,0,0
tendon,0.99684974747474742,0,0
tendon,0.99799242424242418,0,0
tendon,0.99913510101010095,0,0
tendon,1.0002777777777778,2.5151523773723714e-05,0.28055845920025491
tendon,1.0014204545454546,0.0032696112031849319,5.8382650063161909
tendon,1.0025631313131314,0.012166513037592142,9.1748266087855956
tendon,1.0037058080808081,0.023496482733808003,10.485691578285619
tendon,1.0048484848484849,0.035905173637177504,11.17894484220626
tendon,1.0059911616161616,0.048974631336238479,11.682428796339554
tendon,1.0071338383838384,0.062597749475932024,12.168466612320675
tendon,1.0082765151515152,0.076815771406380823,12.736932034589495
tendon,1.0094191919191919,0.091758247745438115,13.438807713550911
tendon,1.0105618686868687,0.10756128085299627,14.222059256837083
tendon,1.0117045454545455,0.12422111425315957,14.902058430051152
tendon,1.0128472222222222,0.14151354674739119,15.315593581319535
tendon,1.013989898989899,0.15912297120574012,15.470349127460326
tendon,1.0151325757575758,0.17682410010024924,15.538845395525296
tendon,1.0162752525252525,0.19479319844985624,15.999501266943501
tendon,1.0174179292929293,0.21359072702126336,16.976330251786443
tendon,1.0185606060606061,0.23368951601607407,18.210187412936769
tendon,1.0197032828282828,0.25516175226501736,19.333702602565999
tendon,1.0208459595959596,0.27777368783534606,20.200094454043864
tendon,1.0219886363636363,0.30123860944564063,20.837783749763258
tendon,1.0231313131313131,0.32533574268107784,21.318423588743165
tendon,1.0242739898989899,0.34992311151678701,21.704990673386767
tendon,1.0254166666666666,0.37492198521478176,22.045744435540918
tendon,1.0265593434343434,0.40030293821738061,22.379880892479889
tendon,1.0277020202020202,0.42607942988987219,22.744354074390852
tendon,1.0288446969696969,0.45230878672628738,23.179879997046118
tendon,1.0299873737373737,0.47909898880435031,23.734610318886375
tendon,1.0311300505050505,0.50661565470117131,24.45893417595315
tendon,1.0322727272727272,0.53507009856296428,25.373563229179695
tendon,1.033415404040404,0.56464637601128254,26.395666795946113
tendon,1.0345580808080808,0.595347847884663,27.29761293571347
tendon,1.0357007575757575,0.62689774228377504,27.857748321878898
tendon,1.0368434343434343,0.65887245985400078,28.054898326845819
tendon,1.0379861111111111,0.69093679138321862,28.061224489795919
tendon,1.0391287878787878,0.7230017006802707,28.061224489795919
tendon,1.0402714646464646,0.75506660997732278,28.061224489795919
tendon,1.0414141414141413,0.78713151927437486,28.061224489795919
tendon,1.0425568181818181,0.81919642857142683,28.061224489795919
tendon,1.0436994949494949,0.85126133786847902,28.061224489795919
tendon,1.0448421717171716,0.88332624716553099,28.061224489795919
tendon,1.0459848484848484,0.91539115646258307,28.061224489795919
tendon,1.0471275252525252,0.94745606575963515,28.061224489795919
tendon,1.0482702020202019,0.97952097505668723,28.061224489795919
tendon,1.0494128787878787,1.0115858843537393,28.061224489795919
tendon,1.0505555555555555,1.0436507936507913,28.061224489795919
tendon,1.0516982323232322,1.0757157029478435,28.061224489795919
tendon,1.052840909090909,1.1077806122448954,28.061224489795919
tendon,1.053983585858586,1.1398455215419538,28.061224489795919
tendon,1.0551262626262627,1.1719104308390058,28.061224489795919
tendon,1.0562689393939395,1.2039753401360578,28.061224489795919
tendon,1.0574116161616163,1.23604024943311,28.061224489795919
tendon,1.058554292929293,1.2681051587301622,28.061224489795919
tendon,1.0596969696969698,1.3001700680272141,28.061224489795919
tendon,1.0608396464646466,1.3322349773242661,28.061224489795919
tendon,1.0619823232323233,1.3642998866213183,28.061224489795919
tendon,1.0631250000000001,1.3963647959183705,28.061224489795919
tendon,1.0642676767676769,1.4284297052154225,28.061224489795919
tendon,1.0654103535353536,1.4604946145124744,28.061224489795919
tendon,1.0665530303030304,1.4925595238095266,28.061224489795919
tendon,1.0676957070707072,1.5246244331065788,28.061224489795919
tendon,1.0688383838383839,1.5566893424036308,28.061224489795919
tendon,1.0699810606060607,1.5887542517006827,28.061224489795919
tendon,1.0711237373737375,1.6208191609977347,28.061224489795919
tendon,1.0722664141414142,1.6528840702947869,28.061224489795919
tendon,1.073409090909091,1.6849489795918391,28.061224489795919
tendon,1.0745517676767677,1.7170138888888911,28.061224489795919
tendon,1.0756944444444445,1.749078798185943,28.061224489795919
tendon,1.0768371212121213,1.781143707482995,28.061224489795919
tendon,1.077979797979798,1.8132086167800474,28.061224489795919
tendon,1.0791224747474748,1.8452735260770994,28.061224489795919
tendon,1.0802651515151516,1.8773384353741513,28.061224489795919
tendon,1.0814078282828283,1.9094033446712033,28.061224489795919
tendon,1.0825505050505051,1.9414682539682557,28.061224489795919
tendon,1.0836931818181819,1.9735331632653077,28.061224489795919
tendon,1.0848358585858586,2.0055980725623597,28.061224489795919
tendon,1.0859785353535354,2.0376629818594116,28.061224489795919
tendon,1.0871212121212122,2.0697278911564636,28.061224489795919
