time,activation,q,tendon_force_N,velocity_normalized,active_force_N,passive_force_N,damping_force_N
0.0,1.0,1.0999,97.44203673778073,-1.9623548357357763e-05,95.74002245398006,1.7022105192842572,-0.00019623548357357762
0.001,1.0,1.0998998035719463,97.44203673778073,-1.966207501076193e-05,95.74002730306766,1.7022060554631586,-0.0001966207501076193
0.002,1.0,1.099899606758248,97.44203673778073,-1.970067722624139e-05,95.74003216167085,1.7022015828821309,-0.00019700677226241388
0.003,1.0,1.0998994095581494,97.44203673778073,-1.9739355151587428e-05,95.74003702980826,1.7021971015239792,-0.00019739355151587428
0.004,1.0,1.0998992119708921,97.44203673778073,-1.977810893510912e-05,95.74004190749852,1.7021926113715322,-0.00019778108935109118
0.005,1.0,1.0998990139957172,97.44203673778073,-1.9816938725109175e-05,95.74004679476042,1.702188112407544,-0.00019816938725109175
0.006,1.0,1.0998988156318639,97.44203673778073,-1.985584467049521e-05,95.74005169161269,1.70218360461475,-0.0001985584467049521
0.007,1.0,1.0998986168785696,97.44203673778073,-1.9894826920405143e-05,95.74005659807406,1.7021790879758563,-0.00019894826920405142
0.008,1.0,1.0998984177350706,97.44203673778073,-1.99338856237061e-05,95.74006151416346,1.7021745624735043,-0.00019933885623706098
0.009000000000000001,1.0,1.0998982182006016,97.44203673778073,-1.997302093073537e-05,95.74006643989968,1.7021700280903624,-0.0001997302093073537
0.01,1.0,1.099898018274396,97.44203673778073,-2.0012232990838144e-05,95.74007137530164,1.7021654848089902,-0.00020012232990838144
0.011,1.0,1.0998978179556855,97.44203673778073,-2.005152195454917e-05,95.74007632038825,1.7021609326119962,-0.00020051521954549172
0.012,1.0,1.0998976172437,97.44203673778073,-2.0090887972292595e-05,95.7400812751786,1.7021563714818655,-0.00020090887972292596
0.013000000000000001,1.0,1.0998974161376687,97.44203673778073,-2.0130331194784626e-05,95.74008623969154,1.70215180140112,-0.00020130331194784625
0.014,1.0,1.0998972146368182,97.44203673778073,-2.0169851773129998e-05,95.74009121394624,1.702147222352211,-0.0002016985177313
0.015,1.0,1.0998970127403747,97.44203673778073,-2.020944985906542e-05,95.74009619796172,1.7021426343175823,-0.00020209449859065422
0.016,1.0,1.0998968104475622,97.44203673778073,-2.024912560381192e-05,95.74010119175715,1.7021380372796096,-0.0002024912560381192
0.017,1.0,1.0998966077576031,97.44203673778073,-2.0288879159483498e-05,95.74010619535166,1.7021334312206542,-0.00020288879159483498
0.018000000000000002,1.0,1.099896404669719,97.44203673778073,-2.032871067860871e-05,95.74011120876449,1.702128816123033,-0.0002032871067860871
0.019,1.0,1.0998962011831293,97.44203673778073,-2.0368620313569013e-05,95.7401162320148,1.7021241919690677,-0.00020368620313569014
0.02,1.0,1.099895997297052,97.44203673778073,-2.040860821705351e-05,95.74012126512191,1.7021195587409936,-0.0002040860821705351
0.021,1.0,1.0998957930107034,97.44203673778073,-2.0448674542551513e-05,95.74012630810516,1.7021149164209999,-0.00020448674542551513
0.022,1.0,1.099895588323299,97.44203673778073,-2.048881944345514e-05,95.74013136098384,1.7021102649913116,-0.00020488819443455138
0.023,1.0,1.0998953832340521,97.44203673778073,-2.0529043073475528e-05,95.74013642377739,1.7021056044340894,-0.00020529043073475527
0.024,1.0,1.0998951777421746,97.44203673778073,-2.0569345586632332e-05,95.74014149650517,1.7021009347314104,-0.00020569345586632333
0.025,1.0,1.099894971846877,97.44203673778073,-2.060972713737712e-05,95.7401465791867,1.7020962558653836,-0.0002060972713737712
0.026000000000000002,1.0,1.0998947655473679,97.44203673778073,-2.0650187880322815e-05,95.74015167184149,1.7020915678180453,-0.00020650187880322815
0.027,1.0,1.0998945588428548,97.44203673778073,-2.0690727970477458e-05,95.74015677448902,1.7020868705713996,-0.00020690727970477458
0.028,1.0,1.0998943517325435,97.44203673778073,-2.0731347563220577e-05,95.74016188714893,1.7020821641074328,-0.00020731347563220575
0.029,1.0,1.099894144215638,97.44203673778073,-2.077204681384303e-05,95.74016700984077,1.7020774484080827,-0.0002077204681384303
0.03,1.0,1.0998939362913411,97.44203673778073,-2.081282587856133e-05,95.74017214258427,1.7020727234552546,-0.0002081282587856133
0.031,1.0,1.0998937279588539,97.44203673778073,-2.0853684913355294e-05,95.74017728539903,1.7020679892308144,-0.00020853684913355294
0.032,1.0,1.0998935192173758,97.44203673778073,-2.089462407474988e-05,95.74018243830487,1.7020632457166154,-0.0002089462407474988
0.033,1.0,1.0998933100661048,97.44203673778073,-2.093564351954773e-05,95.74018760132148,1.7020584928944316,-0.00020935643519547732
0.034,1.0,1.0998931005042372,97.44203673778073,-2.0976743404812305e-05,95.74019277446874,1.7020537307460364,-0.00020976743404812305
0.035,1.0,1.099892890530968,97.44203673778073,-2.101792388795495e-05,95.74019795776647,1.7020489592531611,-0.0002101792388795495
0.036000000000000004,1.0,1.0998926801454902,97.44203673778073,-2.1059185126736165e-05,95.74020315123452,1.7020441783974931,-0.00021059185126736166
0.037,1.0,1.0998924693469958,97.44203673778073,-2.110052727915925e-05,95.74020835489283,1.7020393881607006,-0.0002110052727915925
0.038,1.0,1.0998922581346744,97.44203673778073,-2.1141950503521997e-05,95.74021356876138,1.7020345885243915,-0.00021141950503521996
0.039,1.0,1.0998920465077149,97.44203673778073,-2.118345495847973e-05,95.74021879286016,1.7020297794701555,-0.0002118345495847973
0.04,1.0,1.099891834465304,97.44203673778073,-2.1225040802932923e-05,95.74022402720922,1.7020249609795244,-0.00021225040802932922
0.041,1.0,1.0998916220066268,97.44203673778073,-2.1266708196086633e-05,95.74022927182867,1.7020201330340348,-0.00021266708196086633
0.042,1.0,1.0998914091308676,97.44203673778073,-2.1308457297763957e-05,95.74023452673852,1.7020152956151762,-0.00021308457297763956
0.043000000000000003,1.0,1.099891195837208,97.44203673778073,-2.135028826757027e-05,95.74023979195906,1.7020104487043424,-0.0002135028826757027
0.044,1.0,1.0998909821248288,97.44203673778073,-2.139220126568004e-05,95.74024506751039,1.7020055922829842,-0.0002139220126568004
0.045,1.0,1.0998907679929089,97.44203673778073,-2.1434196452775117e-05,95.74025035341282,1.7020007263324441,-0.00021434196452775118
0.046,1.0,1.0998905534406254,97.44203673778073,-2.1476273989399503e-05,95.74025564968656,1.7019958508340667,-0.00021476273989399505
0.047,1.0,1.0998903384671541,97.44203673778073,-2.151843403709168e-05,95.74026095635199,1.701990965769118,-0.00021518434037091683
0.048,1.0,1.0998901230716691,97.44203673778073,-2.156067675698932e-05,95.7402662734294,1.701986071118889,-0.0002156067675698932
0.049,1.0,1.0998899072533428,97.44203673778073,-2.160300231073075e-05,95.74027160093925,1.7019811668645857,-0.0002160300231073075
0.05,1.0,1.0998896910113463,97.44203673778073,-2.1645410860770506e-05,95.74027693890193,1.7019762529874054,-0.00021645410860770506
