actuator,anatomical_label,parameter,value,unit,evidence_class,source_revision,source_xpath
TRIlong,triceps brachii long head,max_isometric_force,798.52,N,model_parameter,84b487c4e3245359a64381e01f01b9cf4772d457,/OpenSimDocument/Model/ForceSet/objects/Thelen2003Muscle[@name='TRIlong']/max_isometric_force
TRIlong,triceps brachii long head,optimal_fiber_length,0.134,m,model_parameter,84b487c4e3245359a64381e01f01b9cf4772d457,/OpenSimDocument/Model/ForceSet/objects/Thelen2003Muscle[@name='TRIlong']/optimal_fiber_length
TRIlong,triceps brachii long head,tendon_slack_length,0.143,m,model_parameter,84b487c4e3245359a64381e01f01b9cf4772d457,/OpenSimDocument/Model/ForceSet/objects/Thelen2003Muscle[@name='TRIlong']/tendon_slack_length
TRIlong,triceps brachii long head,pennation_angle_at_optimal,0.20943951,rad,model_parameter,84b487c4e3245359a64381e01f01b9cf4772d457,/OpenSimDocument/Model/ForceSet/objects/Thelen2003Muscle[@name='TRIlong']/pennation_angle_at_optimal
TRIlong,triceps brachii long head,activation_time_constant,0.01,s,model_parameter,84b487c4e3245359a64381e01f01b9cf4772d457,/OpenSimDocument/Model/ForceSet/objects/Thelen2003Muscle[@name='TRIlong']/activation_time_constant
TRIlong,triceps brachii long head,deactivation_time_constant,0.04,s,model_parameter,84b487c4e3245359a64381e01f01b9cf4772d457,/OpenSimDocument/Model/ForceSet/objects/Thelen2003Muscle[@name='TRIlong']/deactivation_time_constant
TRIlat,triceps brachii lateral head,max_isometric_force,624.3,N,model_parameter,84b487c4e3245359a64381e01f01b9cf4772d457,/OpenSimDocument/Model/ForceSet/objects/Thelen2003Muscle[@name='TRIlat']/max_isometric_force
TRIlat,triceps brachii lateral head,optimal_fiber_length,0.1138,m,model_parameter,84b487c4e3245359a64381e01f01b9cf4772d457,/OpenSimDocument/Model/ForceSet/objects/Thelen2003Muscle[@name='TRIlat']/optimal_fiber_length
TRIlat,triceps brachii lateral head,tendon_slack_length,0.098,m,model_parameter,84b487c4e3245359a64381e01f01b9cf4772d457,/OpenSimDocument/Model/ForceSet/objects/Thelen2003Muscle[@name='TRIlat']/tendon_slack_length
TRIlat,triceps brachii lateral head,pennation_angle_at_optimal,0.15707963,rad,model_parameter,84b487c4e3245359a64381e01f01b9cf4772d457,/OpenSimDocument/Model/ForceSet/objects/Thelen2003Muscle[@name='TRIlat']/pennation_angle_at_optimal
TRIlat,triceps brachii lateral head,activation_time_constant,0.01,s,model_parameter,84b487c4e3245359a64381e01f01b9cf4772d457,/OpenSimDocument/Model/ForceSet/objects/Thelen2003Muscle[@name='TRIlat']/activation_time_constant
TRIlat,triceps brachii lateral head,deactivation_time_constant,0.04,s,model_parameter,84b487c4e3245359a64381e01f01b9cf4772d457,/OpenSimDocument/Model/ForceSet/objects/Thelen2003Muscle[@name='TRIlat']/deactivation_time_constant
TRImed,triceps brachii medial head,max_isometric_force,624.3,N,model_parameter,84b487c4e3245359a64381e01f01b9cf4772d457,/OpenSimDocument/Model/ForceSet/objects/Thelen2003Muscle[@name='TRImed']/max_isometric_force
TRImed,triceps brachii medial head,optimal_fiber_length,0.1138,m,model_parameter,84b487c4e3245359a64381e01f01b9cf4772d457,/OpenSimDocument/Model/ForceSet/objects/Thelen2003Muscle[@name='TRImed']/optimal_fiber_length
TRImed,triceps brachii medial head,tendon_slack_length,0.0908,m,model_parameter,84b487c4e3245359a64381e01f01b9cf4772d457,/OpenSimDocument/Model/ForceSet/objects/Thelen2003Muscle[@name='TRImed']/tendon_slack_length
TRImed,triceps brachii medial head,pennation_angle_at_optimal,0.15707963,rad,model_parameter,84b487c4e3245359a64381e01f01b9cf4772d457,/OpenSimDocument/Model/ForceSet/objects/Thelen2003Muscle[@name='TRImed']/pennation_angle_at_optimal
TRImed,triceps brachii medial head,activation_time_constant,0.01,s,model_parameter,84b487c4e3245359a64381e01f01b9cf4772d457,/OpenSimDocument/Model/ForceSet/objects/Thelen2003Muscle[@name='TRImed']/activation_time_constant
TRImed,triceps brachii medial head,deactivation_time_constant,0.04,s,model_parameter,84b487c4e3245359a64381e01f01b9cf4772d457,/OpenSimDocument/Model/ForceSet/objects/Thelen2003Muscle[@name='TRImed']/deactivation_time_constant
BIClong,biceps brachii long head,max_isometric_force,624.3,N,model_parameter,84b487c4e3245359a64381e01f01b9cf4772d457,/OpenSimDocument/Model/ForceSet/objects/Thelen2003Muscle[@name='BIClong']/max_isometric_force
BIClong,biceps brachii long head,optimal_fiber_length,0.1157,m,model_parameter,84b487c4e3245359a64381e01f01b9cf4772d457,/OpenSimDocument/Model/ForceSet/objects/Thelen2003Muscle[@name='BIClong']/optimal_fiber_length
BIClong,biceps brachii long head,tendon_slack_length,0.2723,m,model_parameter,84b487c4e3245359a64381e01f01b9cf4772d457,/OpenSimDocument/Model/ForceSet/objects/Thelen2003Muscle[@name='BIClong']/tendon_slack_length
BIClong,biceps brachii long head,pennation_angle_at_optimal,0.0,rad,model_parameter,84b487c4e3245359a64381e01f01b9cf4772d457,/OpenSimDocument/Model/ForceSet/objects/Thelen2003Muscle[@name='BIClong']/pennation_angle_at_optimal
BIClong,biceps brachii long head,activation_time_constant,0.01,s,model_parameter,84b487c4e3245359a64381e01f01b9cf4772d457,/OpenSimDocument/Model/ForceSet/objects/Thelen2003Muscle[@name='BIClong']/activation_time_constant
BIClong,biceps brachii long head,deactivation_time_constant,0.04,s,model_parameter,84b487c4e3245359a64381e01f01b9cf4772d457,/OpenSimDocument/Model/ForceSet/objects/Thelen2003Muscle[@name='BIClong']/deactivation_time_constant
BICshort,biceps brachii short head,max_isometric_force,435.56,N,model_parameter,84b487c4e3245359a64381e01f01b9cf4772d457,/OpenSimDocument/Model/ForceSet/objects/Thelen2003Muscle[@name='BICshort']/max_isometric_force
BICshort,biceps brachii short head,optimal_fiber_length,0.1321,m,model_parameter,84b487c4e3245359a64381e01f01b9cf4772d457,/OpenSimDocument/Model/ForceSet/objects/Thelen2003Muscle[@name='BICshort']/optimal_fiber_length
BICshort,biceps brachii short head,tendon_slack_length,0.1923,m,model_parameter,84b487c4e3245359a64381e01f01b9cf4772d457,/OpenSimDocument/Model/ForceSet/objects/Thelen2003Muscle[@name='BICshort']/tendon_slack_length
BICshort,biceps brachii short head,pennation_angle_at_optimal,0.0,rad,model_parameter,84b487c4e3245359a64381e01f01b9cf4772d457,/OpenSimDocument/Model/ForceSet/objects/Thelen2003Muscle[@name='BICshort']/pennation_angle_at_optimal
BICshort,biceps brachii short head,activation_time_constant,0.01,s,model_parameter,84b487c4e3245359a64381e01f01b9cf4772d457,/OpenSimDocument/Model/ForceSet/objects/Thelen2003Muscle[@name='BICshort']/activation_time_constant
BICshort,biceps brachii short head,deactivation_time_constant,0.04,s,model_parameter,84b487c4e3245359a64381e01f01b9cf4772d457,/OpenSimDocument/Model/ForceSet/objects/Thelen2003Muscle[@name='BICshort']/deactivation_time_constant
BRA,brachialis,max_isometric_force,987.26,N,model_parameter,84b487c4e3245359a64381e01f01b9cf4772d457,/OpenSimDocument/Model/ForceSet/objects/Thelen2003Muscle[@name='BRA']/max_isometric_force
BRA,brachialis,optimal_fiber_length,0.0858,m,model_parameter,84b487c4e3245359a64381e01f01b9cf4772d457,/OpenSimDocument/Model/ForceSet/objects/Thelen2003Muscle[@name='BRA']/optimal_fiber_length
BRA,brachialis,tendon_slack_length,0.0535,m,model_parameter,84b487c4e3245359a64381e01f01b9cf4772d457,/OpenSimDocument/Model/ForceSet/objects/Thelen2003Muscle[@name='BRA']/tendon_slack_length
BRA,brachialis,pennation_angle_at_optimal,0.0,rad,model_parameter,84b487c4e3245359a64381e01f01b9cf4772d457,/OpenSimDocument/Model/ForceSet/objects/Thelen2003Muscle[@name='BRA']/pennation_angle_at_optimal
BRA,brachialis,activation_time_constant,0.01,s,model_parameter,84b487c4e3245359a64381e01f01b9cf4772d457,/OpenSimDocument/Model/ForceSet/objects/Thelen2003Muscle[@name='BRA']/activation_time_constant
BRA,brachialis,deactivation_time_constant,0.04,s,model_parameter,84b487c4e3245359a64381e01f01b9cf4772d457,/OpenSimDocument/Model/ForceSet/objects/Thelen2003Muscle[@name='BRA']/deactivation_time_constant
