bin_start_s,bin_end_s,sample_count,mean_elapsed_s,brachioradialis_thickness_normalized_1_mean,biceps_semg_normalized_1_mean,wrist_contact_force_normalized_1_mean
0.0,0.5,25,0.21944061279296875,-0.0440508628519527,-0.0019257924360105315,-0.004835255495781232
0.5,1.0,29,0.7449690309064142,-0.03465501581634244,0.0006418923905753325,0.0021041292428563047
1.0,1.5,25,1.2325188541412353,0.017711171662125384,0.009751805090919344,0.042560671460259394
1.5,2.0,25,1.7452307891845704,-0.20753860127157114,0.23936609715328264,0.1598061498147482
2.0,2.5,26,2.239026720707233,-0.23618388877244445,0.36535631924969786,0.22524197466631335
2.5,3.0,24,2.7263587415218353,-0.01377535573720854,0.3983159796830082,0.24546505018901366
3.0,3.5,28,3.221602746418544,0.08245750616322825,0.4075727222720256,0.26627497959455027
3.5,4.0,27,3.7343632998289884,0.17460557742119956,0.27683624907667603,0.2810285058300987
4.0,4.5,27,4.254740520759865,0.22842870118074474,0.35797478094465035,0.26691369805351395
4.5,5.0,25,4.763307819366455,0.2538601271571298,0.7442538034818446,0.2698189096326056
5.0,5.5,26,5.241194715866675,0.3192552225249772,0.4089282690448737,0.2825835988915407
5.5,6.0,25,5.73623911857605,0.3192552225249772,0.23138381494509355,0.2724687030048402
6.0,6.5,27,6.247958598313509,0.3192552225249772,0.39377223892122876,0.282130563681461
6.5,7.0,25,6.757867879867554,0.3192552225249772,0.3659812046168043,0.2753750064698895
7.0,7.5,28,7.224360423428672,0.2868171791877513,0.529800821680592,0.25670623116320646
7.5,8.0,25,7.74819803237915,0.2865576748410535,0.31178324660860596,0.26580189133934906
8.0,8.5,25,8.246159801483154,0.2829246139872842,0.22795925542989687,0.26998354141929354
8.5,9.0,26,8.756153225898743,0.2948019283169146,0.646694547807676,0.23495569993233045
9.0,9.5,26,9.262905304248516,0.12712219660448543,0.035078593509095576,0.029061360117031445
9.5,10.0,25,9.73984146118164,-0.0440508628519527,-0.0007592026158019914,0.018268900810082568
10.0,10.5,27,10.260827470708776,0.019864096612507192,-0.0008230846435243291,0.014581463862991318
10.5,11.0,24,10.772784779469172,0.04677565849227978,-0.0012768977401710346,0.014682351102643928
11.0,11.5,28,11.285062636647906,0.04677565849227978,-0.0005247982858818673,0.014236706350074204
11.5,12.0,24,11.777015517155329,0.04677565849227978,-0.00028454429353948587,0.015209720903160624
12.0,12.5,26,12.24754841511066,0.03978900300426189,-0.0009112938387804727,0.01854790330138512
12.5,13.0,26,12.749462677882267,0.03280234751624401,0.30022900624858045,0.19932438387779933
13.0,13.5,26,13.250414811647856,0.5148815761894779,0.9296125066296845,0.47793680936962035
13.5,14.0,24,13.73758128285408,0.6220102936724188,0.669872629868251,0.4779151008529572
14.0,14.5,28,14.247441053390503,0.682561307901907,0.7604715150240672,0.48922936194023714
14.5,15.0,23,14.756115312161652,0.8365714962682144,0.8662539269605882,0.49019664931889845
15.0,15.5,28,15.263448808874402,0.935578045932269,0.858054926957265,0.4832130172560222
15.5,16.0,24,15.759992748498917,0.9928852558280347,0.6129098010606413,0.4895671976166197
16.0,16.5,24,16.27895548939705,1.0004541326067207,0.8195752406909762,0.489434673622551
16.5,17.0,25,16.75624433517456,0.9586739327883738,1.1067356564710535,0.4868130432385088
17.0,17.5,26,17.235685064242436,0.9550408719346045,0.685929069339761,0.4906559391078974
17.5,18.0,26,17.74782288991488,0.9550408719346045,0.6281861516216751,0.4877831595191077
18.0,18.5,26,18.236126468731808,0.9166142667505062,0.4375032271575142,0.46528497574474376
18.5,19.0,27,18.75404715538025,0.8944898577051161,0.6745065142374633,0.4888685481993442
19.0,19.5,25,19.253771409988403,0.900544959128065,0.48111426041151123,0.4933527892571604
19.5,20.0,29,19.7558678100849,0.9550408719346045,0.5610856581557129,0.4937061252047639
20.0,20.5,25,20.254093170166016,0.9550408719346045,0.6782395273807029,0.5002365572967559
20.5,21.0,25,20.765289220809937,0.9405086285195273,0.6979495470794412,0.3705889645734111
21.0,21.5,26,21.256173693216763,0.41706839935722756,0.028345053523045078,0.03456260984360434
21.5,22.0,24,21.74086183309555,0.12246442627914016,0.0019613082435740096,0.015331335510046161
22.0,22.5,24,22.238631814718246,0.04677565849227978,0.002011796401385079,0.002305236796002903
22.5,23.0,23,22.735786386158157,0.04677565849227978,0.0006837383372241007,-0.0030907454459534202
23.0,23.5,28,23.243631201131002,0.04677565849227978,-0.00172606824759374,-0.0033588510498847265
23.5,24.0,23,23.734881100447282,0.06257157524779847,-0.003369242055334204,-0.003480719328265373
24.0,24.5,28,24.230367950030736,0.13760217983651224,-0.0022931273599546215,-0.0034006671331255865
24.5,25.0,24,24.743187218904495,0.34953072963972137,0.6502048809443974,0.2631107661447653
25.0,25.5,26,25.251291513442993,1.3393069237755881,1.4156503507635974,0.8352445722262445
25.5,26.0,23,25.74414556959401,1.4012755202780074,0.9615725411323238,0.7008928929550081
26.0,26.5,28,26.23017317056656,1.4448553263267152,0.8553181206097128,0.7319458003863167
26.5,27.0,25,26.75322241783142,1.423705722070844,0.7855323641974755,0.7284681784908726
27.0,27.5,25,27.236469249725342,1.4091734786557668,0.54995643046078,0.7279004684090454
27.5,28.0,29,27.762770628107006,1.3527983964421053,0.7665514487283321,0.7309813840419555
28.0,28.5,25,28.25274251937866,1.3692098092643046,1.1291231502270611,0.734759576081041
28.5,29.0,26,28.731918234091538,1.353280234751624,0.8172797035211096,0.7399848050305108
29.0,29.5,27,29.23223105183354,1.3183469573115345,0.8320233764890632,0.7175968302761496
29.5,30.0,25,29.74135449409485,1.3183469573115345,0.8878463026268537,0.7354038484201174
30.0,30.5,28,30.215846257550375,1.2437394576359149,0.8956181163687076,0.7412412085443012
30.5,31.0,26,30.752064594855675,1.227520435967302,0.9370772544185161,0.7344279465070707
31.0,31.5,23,31.24629835460497,1.227520435967302,0.8310978191359408,0.7205890154726154
31.5,32.0,26,31.726634236482475,1.227520435967302,0.7166430111568008,0.7306534578028236
32.0,32.5,27,32.23855687953807,1.227520435967302,0.9321624785211579,0.7309643640275215
32.5,33.0,27,32.75160500738356,1.227520435967302,1.2429745418899938,0.6796603635483318
33.0,33.5,25,33.25419092178345,0.7697547683923702,0.10411855928664195,0.04618356905360976
33.5,34.0,25,33.746918487548825,0.2502270663033605,0.001535536385840295,0.03206604821688915
34.0,34.5,26,34.2562552690506,0.22842870118074474,-0.00011741108147523116,0.012006447812713336
34.5,35.0,26,34.75809279771951,0.20397540697268213,-0.0003247205464395561,-0.020591341569509262
35.0,35.5,26,35.259350244815536,0.22842870118074474,0.008570301845634303,-0.0230990168267947
35.5,36.0,25,35.77199039459229,0.6425976385104448,0.8755820675255783,0.21984547062249218
36.0,36.5,28,36.26125173909323,0.7896068509147525,0.7424838030756511,0.23177123046441978
36.5,37.0,25,36.75615780830383,0.864214350590372,0.34814809088954773,0.27777097882659324
37.0,37.5,25,37.237004919052126,1.0495004541326063,0.5284514000644717,0.36841602374701654
37.5,38.0,27,37.75713749285097,1.2645238335519893,0.7047297700857503,0.45251539105660044
38.0,38.5,26,38.25802173064305,1.3183469573115345,1.2095365310855803,0.5385817197903469
38.5,39.0,26,38.75378560102903,1.39869349542374,1.3581372412120998,0.6378120700963245
39.0,39.5,26,39.25342839497786,1.4860266890239635,1.4604083035443831,0.6894487445693809
39.5,40.0,27,39.75158191610266,1.4999999999999993,2.2890829816165774,0.7439113151661763
40.0,40.5,25,40.25504781723023,1.4999999999999993,1.2499370638998322,0.747803300692398
40.5,41.0,24,40.75349665681521,1.45080230093854,1.4550992795653257,0.7653194820791133
41.0,41.5,28,41.23761701583862,1.4091734786557668,1.5549452076148162,0.7572080626256663
41.5,42.0,27,41.75890474849277,1.4091734786557668,1.2406176540939395,0.7677620949623916
42.0,42.5,24,42.2582810719808,1.4091734786557668,1.7901369538286844,0.7459547062052491
42.5,43.0,26,42.740830146349396,1.4091734786557668,1.1836421325664321,0.7509857738473071
43.0,43.5,24,43.241855462392174,1.4091734786557668,1.0858915682896209,0.768508526881385
43.5,44.0,24,43.7336228787899,1.4091734786557668,1.264628351795634,0.7681193488973895
44.0,44.5,28,44.24564869914736,1.4091734786557668,0.8363305939105552,0.7427105891730089
44.5,45.0,23,44.759396957314536,1.4091734786557668,1.0295975751078263,0.7589570004723097
45.0,45.5,22,45.25109727816148,1.4091734786557668,0.825947985751362,0.7422695962080026
45.5,46.0,26,45.74761001880352,1.4091734786557668,0.8832025063296483,0.7378984352665119
46.0,46.5,25,46.24101607322693,1.336512261580381,0.9857863648965102,0.7265296685441427
46.5,47.0,26,46.73067327646109,1.3288269405435613,1.1729761409465234,0.7528216727004181
47.0,47.5,27,47.22877249011287,1.3116190668415915,1.3998615595368702,0.6350238749006745
47.5,48.0,24,47.740970224142075,1.2653648198607321,1.3712401904120832,0.5732875492593867
48.0,48.5,27,48.24994549044856,1.3183469573115345,0.6315455410882417,0.5838426574637611
48.5,49.0,26,48.752968192100525,1.1786138475511767,0.9450883992467887,0.4087905890057898
49.0,49.5,26,49.24075458599971,1.0039474603507297,0.5978498665818959,0.2346996296596555
49.5,50.0,26,49.73155488417699,0.927094249982533,0.08644955751723156,0.131056891465026
50.0,50.5,26,50.228267367069535,0.5393348703975405,0.0035080939802264034,0.012581539020810448
50.5,51.0,25,50.74370323181152,0.19936421435059035,0.0014803824258591018,0.0012396443923278577
51.0,51.5,25,51.2404683303833,0.268392370572207,0.0013099065495535498,-0.024050979068475413
51.5,52.0,24,51.71736287077268,0.3533151680290644,0.0011587206314737533,-0.031656580177978205
52.0,52.5,27,52.223442263073395,0.41008174386920965,0.001264532977537583,-0.04702770165734008
52.5,53.0,26,52.73345014682183,0.4240550548452454,0.009000991276722964,-0.05031859543148851
53.0,53.5,24,53.22631441553434,0.5728125946109596,0.06402692293202064,0.007481841723654809
53.5,54.0,27,53.735977799804125,0.682561307901907,0.008267105057081833,0.024815525577029603
54.0,54.5,26,54.246870801999016,0.682561307901907,0.005508871374649532,0.02949466424271872
54.5,55.0,24,54.738844792048134,0.7128368150166512,0.03706450568994567,0.029633813787916127
55.0,55.5,29,55.24479972082993,0.6293181747001156,0.0223864996015565,0.03823135224103291
55.5,56.0,26,55.747495825474076,0.7768811569901485,0.7537803322875027,0.24074467902579047
56.0,56.5,27,56.254900711554065,1.0963265718034105,0.23624299643169813,0.2676851214783403
56.5,57.0,25,56.75482654571533,1.0749318801089913,0.21673458890766115,0.2748236017295861
57.0,57.5,24,57.240111956993736,1.223735997577959,0.15509711379745247,0.28265374585117403
57.5,58.0,27,57.74547177773935,1.227520435967302,0.5435019315144273,0.3346440118938805
58.0,58.5,25,58.266305360794064,1.3110808356039958,0.6284304875213121,0.48796117131588274
58.5,59.0,25,58.77445894241333,1.3183469573115345,0.6412964021860189,0.469246029822184
59.0,59.5,24,59.26186011234919,1.3183469573115345,0.5222278467190671,0.4801136444980899
59.5,60.0,26,59.74738425474901,1.3183469573115345,0.8131720834246072,0.45142038521426586
60.0,60.5,27,60.264886635321155,1.2477041073771313,0.5619438434419253,0.2965473305543855
60.5,61.0,24,60.76173026363055,1.1404783530124125,0.54332841474218,0.19960273593512998
61.0,61.5,26,61.25549915203681,1.1366939146230695,0.18668448735253965,0.22224609127100714
61.5,62.0,24,61.761468917131424,1.1707538601271565,0.38429594055015937,0.29788567206482397
62.0,62.5,27,62.26654552530359,1.3250748477814775,1.2111511402891657,0.6096350489889021
62.5,63.0,23,62.77080694488857,1.503948979188879,2.112597172634702,0.7971644698074665
63.0,63.5,27,63.26617015732659,1.5706428499344025,1.3810528830606754,0.697167220976767
63.5,64.0,24,63.77292816837629,1.579473206176203,1.5440681184832414,0.7348005815117633
64.0,64.5,25,64.25356492996215,1.4091734786557668,1.2351073339933705,0.45942021337551686
64.5,65.0,26,64.76522685014285,1.3917068399357222,1.161043793835205,0.4595822397942987
65.0,65.5,23,65.27303144206171,1.3301938948781735,0.6052390830152754,0.4362307941204389
65.5,66.0,24,65.74151408672333,1.3183469573115345,0.5956132545829494,0.41618270573464106
66.0,66.5,28,66.2647882444518,1.3832230439859863,1.1413293065371442,0.5747178493489132
66.5,67.0,23,66.75823912413225,1.515795916755518,1.0827404865482155,0.6614251801408514
67.0,67.5,26,67.23492945157565,1.4091734786557668,0.6647883250637481,0.5921305655041
67.5,68.0,25,67.7553987789154,1.4091734786557668,0.8893872708420861,0.5863101528474787
68.0,68.5,27,68.25324588351779,1.3654421906011365,0.9264211431808023,0.42987948428114886
68.5,69.0,24,68.76145057876904,1.1821071752951857,0.2571597952980274,0.17685708991596052
69.0,69.5,26,69.23884421128493,0.5323482149095226,0.0010991258563386541,0.013573084383255753
69.5,70.0,26,69.72949845057268,0.41008174386920965,0.003194719207605912,0.000725804927106581
70.0,70.5,29,70.25431143826452,0.5259638573084028,0.000823433638162373,-0.06639908340420589
70.5,71.0,24,70.75812837481499,0.6030881017257037,0.0004780009865037026,-0.07663658310545253
71.0,71.5,26,71.22316649326912,0.6371480472297908,0.013336812489697716,-0.06758679369583079
71.5,72.0,28,71.75572707823345,0.8447515245880365,0.12552945787029843,0.0068340671654844466
72.0,72.5,25,72.25928568840027,1.202089009990917,0.5827997779635279,0.17836719099165668
72.5,73.0,25,72.76220410346986,1.6707538601271563,1.6296002110892471,0.6503823251276037
73.0,73.5,26,73.2670994905325,1.9890658841612512,1.18618769995018,0.681002727783445
73.5,74.0,25,73.74952816963196,1.8524069028156214,1.05054714190717,0.3709444399051275
74.0,74.5,25,74.23581749916076,1.7579473206176195,0.614504948292118,0.3157250652894642
74.5,75.0,25,74.74721264839172,1.6816530426884644,0.6759514737075433,0.3320670511123092
75.0,75.5,26,75.2452210187912,1.8353594634248576,1.4242416406837468,0.6547773147830829
75.5,76.0,25,75.74185809135437,1.9396003633060845,1.5742874745565802,0.7332466688242912
76.0,76.5,24,76.22199488679568,1.995761429003935,1.941979217960024,0.72995425605611
76.5,77.0,27,76.72784930688364,1.9978638947757923,1.4953859278803014,0.6680686600612286
77.0,77.5,26,77.22703773241777,1.8109061692167951,0.5210842966406883,0.3943042358300493
77.5,78.0,27,77.74283522146719,1.5639149594644592,0.49548208364077917,0.24043179536882184
78.0,78.5,26,78.27311028884007,1.7585062530566609,0.5971025882779547,0.4094741262316327
78.5,79.0,25,78.75621715545654,1.7615803814713888,0.8782478422580032,0.5574520996332856
79.0,79.5,25,79.2404281616211,1.7724795640326967,1.3877968938710372,0.680348849274411
79.5,80.0,28,79.75815195696694,1.7724795640326967,1.009497016478171,0.7254418436351373
80.0,80.5,23,80.24375180576159,1.7329897721439,1.455874465808419,0.553717267878286
80.5,81.0,25,80.7348356628418,1.5036330608537687,0.4916219254539913,0.24278584503398687
81.0,81.5,26,81.24129870304695,1.6676797317124286,0.6173417774388903,0.36821898847528617
81.5,82.0,24,81.75332368413608,1.7232818649712376,0.7420881052476835,0.5296933570264274
82.0,82.5,26,82.24097464634822,1.6571997484804017,0.9373665234393966,0.38183328969579894
82.5,83.0,25,82.74806911468505,1.4854677565849221,0.21291058101563087,0.13562991955208223
83.0,83.5,26,83.23938030462999,0.10266890239642285,0.0018865804131798834,0.06245669751397789
83.5,84.0,26,83.7692357301712,-0.037064207363934815,0.004330903639619696,-0.028732441758362297
84.0,84.5,24,84.24845271309216,0.12246442627914016,0.0031921747115889213,-0.050267193722666595
84.5,85.0,26,84.74899106759291,0.14808216306853905,0.000631474272581931,-0.05201614464822886
85.0,85.5,25,85.26613661766052,0.13760217983651224,0.00125976658593427,-0.0496858269055365
85.5,86.0,21,85.71250355811347,0.13760217983651224,0.0004894416528057154,-0.050986181425253276
