state,comparison,required,units,term,aggregateInfinityN,unitTriangleInfinityN,aggregateDirectionalDifferenceJ,unitTriangleDirectionalDifferenceJ,forceGateN,workGateJ,pass
control45,Q0-Q1,True,156,matrix,1.92595072437041e-08,2.3661968347016958e-08,7.463754920628248e-13,7.488196591634854e-13,1e-05,5.492029235357012e-07,True
control45,Q0-Q1,True,156,volume,1.8445768566636254e-05,2.2107712899811314e-05,6.95025141041483e-10,6.970033270114864e-10,1e-05,5.492029235357012e-07,False
control45,Q0-Q1,True,156,passiveFiber,7.850294258014739e-13,1.1779642241568115e-12,4.3035483630831817e-17,1.1187241981203872e-16,1e-05,5.492029235357012e-07,True
control45,Q0-Q1,True,156,activePotential,6.597836686696615e-12,7.0258187762283904e-12,2.436892137875194e-16,3.8230341023491257e-16,1e-05,5.492029235357012e-07,True
control45,Q0-Q1,True,156,total,1.8465028211924865e-05,2.2131373165864036e-05,6.957721519023638e-10,6.977520118259657e-10,1e-05,5.492029235357012e-07,False
control45,Q1-Q2,True,36,matrix,2.0720191916401287e-09,2.0720191916401287e-09,2.627336123327255e-13,2.6639582018344596e-13,1e-05,5.492029235357012e-07,True
control45,Q1-Q2,True,36,volume,1.1749377333281075e-06,1.2198439485189283e-06,1.4281411523471586e-10,1.4739114740023927e-10,1e-05,5.492029235357012e-07,True
control45,Q1-Q2,True,36,passiveFiber,1.4781626462672127e-09,1.4782557189299687e-09,2.4818137086545556e-15,1.2887725534308145e-14,1e-05,5.492029235357012e-07,True
control45,Q1-Q2,True,36,activePotential,1.0688994578345046e-08,1.0688994578345046e-08,4.0327875579164916e-13,4.654218999951052e-13,1e-05,5.492029235357012e-07,True
control45,Q1-Q2,True,36,total,1.1749691831708375e-06,1.2183294137990686e-06,1.4267125991273908e-10,1.4719026081459478e-10,1e-05,5.492029235357012e-07,True
control45,Q0-Q2,False,36,matrix,1.9309227132263858e-08,2.4381833937784682e-08,1.0091091042547196e-12,1.0127238609963373e-12,1e-05,5.492029235357012e-07,True
control45,Q0-Q2,False,36,volume,1.8491251360330807e-05,2.246303735317645e-05,8.378392559731327e-10,8.423612641540838e-10,1e-05,5.492029235357012e-07,False
control45,Q0-Q2,False,36,passiveFiber,1.478245942237985e-09,1.478403289376702e-09,2.4388268843886218e-15,1.2943203595257697e-14,1e-05,5.492029235357012e-07,True
control45,Q0-Q2,False,36,activePotential,1.0693754548540824e-08,1.0693754548540824e-08,4.0303515845665377e-13,4.656012187252768e-13,1e-05,5.492029235357012e-07,True
control45,Q0-Q2,False,36,total,1.851056079615887e-05,2.2486118675502098e-05,8.384434121607178e-10,8.429073172743875e-10,1e-05,5.492029235357012e-07,False
control45,F44-R44,True,21,matrix,1.541977772988217e-13,1.5420506054256438e-13,9.947999746112692e-18,9.952244274565335e-18,1e-05,5.492029235357012e-07,True
control45,F44-R44,True,21,volume,5.652941916428515e-11,5.656748365946982e-11,3.636310947973796e-15,3.6417666244795875e-15,1e-05,5.492029235357012e-07,True
control45,F44-R44,True,21,passiveFiber,4.620160002061064e-14,9.024002605588419e-14,2.0304521250820545e-19,2.7113639011276717e-19,1e-05,5.492029235357012e-07,True
control45,F44-R44,True,21,activePotential,0,0,0,0,1e-05,5.492029235357012e-07,True
control45,F44-R44,True,21,total,5.6631744688239254e-11,5.6681967860277437e-11,3.672870391067247e-15,3.6769327535486536e-15,1e-05,5.492029235357012e-07,True
terminal46,Q0-Q1,True,156,matrix,1.6475890103475782e-07,1.647589010350589e-07,5.0614279209754135e-12,5.0621841118222096e-12,1e-05,5.492029235357012e-07,True
terminal46,Q0-Q1,True,156,volume,0.00013164054068454624,0.0001316405406847942,3.914890779578703e-09,3.915674691067402e-09,1e-05,5.492029235357012e-07,False
terminal46,Q0-Q1,True,156,passiveFiber,1.9012159922336242e-12,1.9768222068668335e-12,3.6374314365281726e-17,7.19383236136772e-17,1e-05,5.492029235357012e-07,True
terminal46,Q0-Q1,True,156,activePotential,9.396689493699979e-12,9.850604620480687e-12,7.401794248669227e-16,1.2611075491500755e-15,1e-05,5.492029235357012e-07,True
terminal46,Q0-Q1,True,156,total,0.00013180529954800316,0.00013180529954825144,3.919953036869212e-09,3.9207377745228354e-09,1e-05,5.492029235357012e-07,False
terminal46,Q1-Q2,True,36,matrix,1.1971435127933194e-09,1.1971435127933194e-09,6.819198426694257e-14,1.0729637721665485e-13,1e-05,5.492029235357012e-07,True
terminal46,Q1-Q2,True,36,volume,6.355130182100766e-07,9.622178733792452e-07,6.403321315826684e-11,8.122355612476718e-11,1e-05,5.492029235357012e-07,True
terminal46,Q1-Q2,True,36,passiveFiber,1.3227622885914059e-09,1.3227622885914059e-09,1.367760155785151e-14,6.855298974411748e-14,1e-05,5.492029235357012e-07,True
terminal46,Q1-Q2,True,36,activePotential,1.11058431340183e-08,1.11058431340183e-08,1.5642896588070113e-13,3.2902730685538627e-13,1e-05,5.492029235357012e-07,True
terminal46,Q1-Q2,True,36,total,6.354663835139718e-07,9.560233484862124e-07,6.395892092389801e-11,8.106136636159715e-11,1e-05,5.492029235357012e-07,True
terminal46,Q0-Q2,False,36,matrix,1.6542695072466196e-07,1.6542695072466196e-07,5.129619904280578e-12,5.168619591390939e-12,1e-05,5.492029235357012e-07,True
terminal46,Q0-Q2,False,36,volume,0.00013215278080025428,0.00013215278080025428,3.978923992341928e-09,3.996028176932468e-09,1e-05,5.492029235357012e-07,False
terminal46,Q0-Q2,False,36,passiveFiber,1.3227973161278328e-09,1.3227973161278328e-09,1.3714106515420336e-14,6.861596447577935e-14,1e-05,5.492029235357012e-07,True
terminal46,Q0-Q2,False,36,activePotential,1.1110986353202179e-08,1.1110986353202179e-08,1.556887350631305e-13,3.300544772844023e-13,1e-05,5.492029235357012e-07,True
terminal46,Q0-Q2,False,36,total,0.00013231820734205257,0.00013231820734205257,3.983911958619186e-09,4.000928050097795e-09,1e-05,5.492029235357012e-07,False
terminal46,F44-R44,True,21,matrix,2.617555886824898e-10,2.617631742045208e-10,1.8096457894967957e-14,1.809700615068503e-14,1e-05,5.492029235357012e-07,True
terminal46,F44-R44,True,21,volume,1.303515795208785e-07,1.3035158575429772e-07,8.790094618246463e-12,8.790095068777802e-12,1e-05,5.492029235357012e-07,True
terminal46,F44-R44,True,21,passiveFiber,3.0248760871852024e-13,3.05304004279877e-13,6.930658928180398e-18,7.463096281985707e-18,1e-05,5.492029235357012e-07,True
terminal46,F44-R44,True,21,activePotential,0,0,0,0,1e-05,5.492029235357012e-07,True
terminal46,F44-R44,True,21,total,1.3061313544508005e-07,1.3061314926401823e-07,8.80820525517392e-12,8.808206253960153e-12,1e-05,5.492029235357012e-07,True
