state,comparison,required,pass,globalPass,forceSignedN,forceTriangleN,workSignedJ,workTriangleJ,failedTerms,allocationPasses,artifact,sha256,failedGlobalTerms,failedAllocatedTerms
control45,S0/S1,True,True,True,4.5279213461579464e-08,5.405117285938592e-08,1.719084282732292e-12,1.7191150432808553e-12,[],"{'quiet': True, 'focus': True}",control45-S0-S1-comparison.json,c1aa9b58fdf43a6de363db56cabe63a7df8143af26dd3c13b3317cf534ec2a9b,[],"{'quiet': [], 'focus': []}"
control45,S1/S2,True,True,True,6.437570908236903e-11,7.482611951195713e-11,2.4472404796058853e-15,2.549745737299028e-15,[],"{'quiet': True, 'focus': True}",control45-S1-S2-comparison.json,c9bcd9ececbc15c887680b688afd6ab90614beebeb3c0d99f2f058b44829e742,[],"{'quiet': [], 'focus': []}"
control45,I0/I1,True,True,True,8.384019970893628e-06,8.384019971091404e-06,1.1353026822798309e-09,1.1795619862074724e-09,[],"{'quiet': True, 'focus': True}",control45-I0-I1-comparison.json,d6bc9554dc5553c1e9056e43c486dd4dd36549139a4ffd0300f5db96cc8d668f,[],"{'quiet': [], 'focus': []}"
control45,S2/I1,True,True,True,1.1935929459829714e-06,1.1937264558355453e-06,1.4109478300229228e-10,1.456742357399123e-10,[],"{'quiet': True, 'focus': True}",control45-S2-I1-comparison.json,b38bb30d537704b16590a41827c36d1f050927cdeda9fd4027bda68d76c09598,[],"{'quiet': [], 'focus': []}"
control45,S1/AR,True,True,True,6.798758433786229e-10,1.0743620499124721e-09,3.305548319103082e-14,3.520022263036981e-14,[],"{'quiet': True, 'focus': True}",control45-S1-AR-comparison.json,6535a331316b901dd97d21bff242f97440ea08854d3b345927b6989c749182d2,[],"{'quiet': [], 'focus': []}"
control45,S1/AH,True,True,True,2.0005019518339096e-29,2.6300499320552093e-29,5.9878685789156145e-34,1.4509347344128038e-33,[],"{'quiet': True, 'focus': True}",control45-S1-AH-comparison.json,87abe29b2fbf8fcede99b9d1d56d2ca4ceab5582c4e8a496860308bea575faf3,[],"{'quiet': [], 'focus': []}"
control45,S1/AC,True,True,True,6.485354423248052e-11,7.111784043731696e-11,2.13982600941381e-15,2.1692518523348152e-15,[],"{'quiet': True, 'focus': True}",control45-S1-AC-comparison.json,6fb316e90ab113052d90c6b655a987033b71b6cce290995c8987b3943d2614ac,[],"{'quiet': [], 'focus': []}"
control45,S0/I0,False,False,True,9.558968449750074e-06,9.585270512268334e-06,1.2781170383115266e-09,1.3249209320562048e-09,"['volume', 'total']","{'quiet': False, 'focus': True}",control45-S0-I0-comparison.json,47d3096882ef85c643191931fc1d4d041a8e6a7d5121b7bdbc4922c035d76419,[],"{'quiet': ['volume', 'total'], 'focus': []}"
control45,S1/I1,False,True,True,1.1935670268663435e-06,1.1937523749920968e-06,1.410972302427719e-10,1.4567521394880202e-10,[],"{'quiet': True, 'focus': True}",control45-S1-I1-comparison.json,9f2a05e74a140090c95896461345d4700e38c810f3ffec4fb10551845816bdcc,[],"{'quiet': [], 'focus': []}"
control45,D4/D5,True,True,True,1.186293108190739e-08,1.186293108190739e-08,9.623552332051997e-13,1.0174479928583626e-12,[],{},control45-quiet-D4-D5-comparison.json,7195a84c163e77d271b9872180f8b037c355829b4d7442ff4d0be22ffa0162f7,[],{'quiet': []}
control45,U4/U5,True,True,True,8.378508899342663e-06,8.378508899342663e-06,1.1366194115727177e-09,1.1782452187351998e-09,[],{},control45-quiet-U4-U5-comparison.json,a6a6c9e5ef8d51ffc1ffbc80cf2ecc205f84833f823594a86a87a5053d288d25,[],{'quiet': []}
control45,D5/U5,True,True,True,1.193659700748917e-06,1.193659700748917e-06,1.410689611982267e-10,1.4564599278510956e-10,[],{},control45-quiet-D5-U5-comparison.json,4d5877a7d3af7deb3c4ae315ffea4d1a75a62b34574f044af920ac839c122472,[],{'quiet': []}
terminal46,S0/S1,True,True,True,5.141852531974567e-07,5.141852548841729e-07,3.717132498020337e-11,3.7171334987495434e-11,[],"{'quiet': True, 'focus': True}",terminal46-S0-S1-comparison.json,34c39b189f02afec2e519102da531bfb78f194196919eef360f7402647124ad1,[],"{'quiet': [], 'focus': []}"
terminal46,S1/S2,True,True,True,9.67294961134758e-10,9.6746354618606e-10,6.947648590004659e-14,6.953593512622363e-14,[],"{'quiet': True, 'focus': True}",terminal46-S1-S2-comparison.json,a7e3fd0fdfed1afe09784dc2e0fc65a5e8867e434a3a0224dfbc889dd4fbe351,[],"{'quiet': [], 'focus': []}"
terminal46,I0/I1,True,False,False,4.474374534905057e-05,4.474374535162453e-05,2.925934386724944e-09,3.752018506759592e-09,"['volume', 'total']","{'quiet': True, 'focus': False}",terminal46-I0-I1-comparison.json,9ecb68f57e7143648c97fca8e44cff6b89c4ac78699bab2ed716bdbd9f7ab151,"['volume', 'total']","{'quiet': [], 'focus': ['volume', 'total']}"
terminal46,S2/I1,True,True,True,7.609759577281857e-07,9.564050446831282e-07,5.49477770228388e-12,1.1027718562102975e-10,[],"{'quiet': True, 'focus': True}",terminal46-S2-I1-comparison.json,019c9cd65576c56c1e493a553a7e2062c80d897f9ad45431c759df32124043bc,[],"{'quiet': [], 'focus': []}"
terminal46,S1/AR,True,True,True,8.898775980550061e-08,1.7223856315219323e-07,7.449297724245786e-12,1.0168517465196003e-11,[],"{'quiet': True, 'focus': True}",terminal46-S1-AR-comparison.json,bd4052fa83d0cb6c0c44203463fd6c3412c8ac9593771b8fa245126b363858c1,[],"{'quiet': [], 'focus': []}"
terminal46,S1/AH,True,True,True,4.023909532390266e-15,4.023909532390312e-15,2.908337347903017e-19,2.9083373479030406e-19,[],"{'quiet': True, 'focus': True}",terminal46-S1-AH-comparison.json,0b8d22174cda70f2aec09d4f72ee017ae400fb018cc60858d3f313f4881fd418,[],"{'quiet': [], 'focus': []}"
terminal46,S1/AC,True,True,True,4.882308152396861e-09,4.882308156698145e-09,3.066006968896596e-13,3.066329987220976e-13,[],"{'quiet': True, 'focus': True}",terminal46-S1-AC-comparison.json,22fdd2e9d7e6bb638239576aa232f45654d9f0e31d5f9cf83bcdb7e8bf533df7,[],"{'quiet': [], 'focus': []}"
terminal46,S0/I0,False,False,False,4.561882425749193e-05,4.56188242820729e-05,2.88343733193584e-09,3.835343936571559e-09,"['volume', 'total']","{'quiet': False, 'focus': False}",terminal46-S0-I0-comparison.json,4b3782b42e62ad54a5f5d88bd1e328079c98cf64e75978ae72cc89d977261ac7,"['volume', 'total']","{'quiet': ['volume', 'total'], 'focus': ['volume', 'total']}"
terminal46,S1/I1,False,True,True,7.606153186845432e-07,9.561736387110176e-07,5.5641272479170074e-12,1.1025779735036974e-10,[],"{'quiet': True, 'focus': True}",terminal46-S1-I1-comparison.json,5e03ce5feb14770b27d9131aed0614220cca1093862322047bef9985c6ea5e87,[],"{'quiet': [], 'focus': []}"
terminal46,D4/D5,True,True,True,5.5884052940768925e-09,5.5884052940768925e-09,3.491677380536122e-13,4.355212040526782e-13,[],{},terminal46-quiet-D4-D5-comparison.json,56aac22ae0b21e173f56d1ca6e4120a107d7952e6ad9322b11a78a608ce5c256,[],{'quiet': []}
terminal46,U4/U5,True,True,True,5.2032966912918255e-06,5.2032966912918255e-06,3.3646724595262256e-10,4.977891805586642e-10,[],{},terminal46-quiet-U4-U5-comparison.json,ea9500a3fd39a07b8c9fbcb42d156cbb1eb37fce35d0098203823f8220a9dd3c,[],{'quiet': []}
terminal46,D5/U5,True,True,True,7.623363540432138e-07,7.623363540432138e-07,4.812345544512863e-11,6.531379683998866e-11,[],{},terminal46-quiet-D5-U5-comparison.json,004abd58b04e4f5d111e6e3d33f41bb78eb4f8c72392f888134bec680c002cc7,[],{'quiet': []}
