state,element,term,signedInfinityN,unitTriangleInfinityN,signedWorkJ,unitTriangleWorkJ,grossUnitAbsoluteL1N
control45,195,matrix,2.7658379059269933e-12,2.7658379059269933e-12,1.1378182979537388e-16,1.1378182979537388e-16,1.3783968119400361e-11
control45,196,matrix,3.6116318269385772e-12,3.6116318269385772e-12,1.7612453313530895e-16,1.7612453313530895e-16,2.413747947718238e-11
control45,197,matrix,7.999683618308947e-09,7.999683620195255e-09,2.1526756429158294e-13,2.152675648838916e-13,6.938774452080404e-08
control45,198,matrix,2.550959443681222e-12,2.550959443681222e-12,9.9228115481551e-17,9.9228115481551e-17,1.3756689845156444e-11
control45,199,matrix,1.920682363154569e-12,1.920682363154569e-12,2.3725579885343505e-17,2.3725579885343505e-17,1.3577548470367182e-11
control45,200,matrix,7.981305242833735e-09,7.981305242873481e-09,6.111032856564636e-14,6.111032858094601e-14,5.976601005272734e-08
control45,202,matrix,8.125063555991519e-12,8.125063555991519e-12,4.2076605909244043e-16,4.2076605909244043e-16,6.014466438178812e-11
control45,203,matrix,1.919673923269296e-08,1.9196739232693208e-08,3.2613947790546777e-13,3.2613947845709496e-13,1.3310183337189315e-07
control45,206,matrix,1.92595072437041e-08,1.9259507243807677e-08,1.4410592719863249e-13,1.4410592748572919e-13,1.3436830717645542e-07
control45,237,matrix,1.3053169656274122e-12,1.3053169656274122e-12,7.216069000085795e-17,7.216069000085795e-17,7.349128097722439e-12
control45,240,matrix,1.2706918850469151e-12,1.2706918850469151e-12,8.507710347080463e-17,8.507710347080463e-17,7.004414117792022e-12
control45,243,matrix,3.0662972161366042e-12,3.0662972161366042e-12,1.4162186326326588e-16,1.4162186326326588e-16,1.4482492159829236e-11
control45,244,matrix,1.189472131901681e-12,1.189472131901681e-12,1.1328872987311877e-16,1.1328872987311877e-16,6.6408599539574675e-12
control45,246,matrix,6.556125495797887e-11,6.556125678988094e-11,9.49246331866428e-16,9.492595793861322e-16,3.186846976598104e-10
control45,247,matrix,4.9310903398580986e-14,4.9388154102065976e-14,1.2851842635669004e-18,1.2902338297068904e-18,3.5100058629746786e-13
control45,248,matrix,1.8424016172020415e-15,1.9315960889342525e-15,1.40704076572437e-20,3.543860970997827e-20,2.098962620577887e-14
control45,195,volume,3.0256783745130633e-09,3.0256783745130633e-09,1.2107417247735974e-13,1.2107417247735974e-13,1.482959352365476e-08
control45,196,volume,3.764137446182758e-09,3.764137446182758e-09,1.7988187026782718e-13,1.7988187026782718e-13,2.447670219979381e-08
control45,197,volume,7.565905859066131e-06,7.565905859341742e-06,1.986543829116864e-10,1.986543829141872e-10,6.362470369813176e-05
control45,198,volume,2.775481178218797e-09,2.775481178218797e-09,1.0497696118802307e-13,1.0497696118802307e-13,1.4814237328172886e-08
control45,199,volume,2.0487709306848956e-09,2.0487709306848956e-09,2.751753141046382e-14,2.751753141046382e-14,1.4132279280848481e-08
control45,200,volume,7.676735623739736e-06,7.676735623789418e-06,5.9807931374861e-11,5.980793138787983e-11,5.617802565791364e-05
control45,202,volume,8.485422142712196e-09,8.485422142712196e-09,4.3463952700619236e-13,4.3463952700619236e-13,6.231424473646108e-08
control45,203,volume,1.841092861627903e-05,1.841092861627928e-05,3.0084499354403105e-10,3.008449936844968e-10,0.00012586284654799953
control45,206,volume,1.8445768566636257e-05,1.844576856667041e-05,1.3635097103737662e-10,1.3635097242686616e-10,0.00012712288218016648
control45,237,volume,4.786713247995067e-10,4.786713247995067e-10,2.6465380071624994e-14,2.6465380071624994e-14,2.653323022882778e-09
control45,240,volume,4.5656634029001e-10,4.5656634029001e-10,3.0332029097114043e-14,3.0332029097114043e-14,2.48761972436104e-09
control45,243,volume,1.1188134863004962e-09,1.1188134863004962e-09,5.080165295677846e-14,5.080165295677846e-14,5.269131483562339e-09
control45,244,volume,4.325109159708518e-10,4.325109159708518e-10,4.090210020946033e-14,4.090210020946033e-14,2.4019179700740523e-09
control45,246,volume,2.3007625733567987e-08,2.300763436737202e-08,3.2791629213071243e-13,3.2791762815364575e-13,1.1220063438070884e-07
control45,247,volume,1.7378829840993952e-11,1.7410668800817706e-11,5.075052510919837e-16,5.268455240542689e-16,1.0469616341200622e-10
control45,248,volume,7.826615468223212e-13,8.232065067313314e-13,5.461989952558684e-18,1.0899693731396515e-17,4.179456313340396e-12
control45,195,passiveFiber,0.0,0.0,0.0,0.0,0.0
control45,196,passiveFiber,0.0,0.0,0.0,0.0,0.0
control45,197,passiveFiber,0.0,0.0,0.0,0.0,0.0
control45,198,passiveFiber,0.0,0.0,0.0,0.0,0.0
control45,199,passiveFiber,0.0,0.0,0.0,0.0,0.0
control45,200,passiveFiber,0.0,0.0,0.0,0.0,0.0
control45,202,passiveFiber,0.0,0.0,0.0,0.0,0.0
control45,203,passiveFiber,0.0,0.0,0.0,0.0,0.0
control45,206,passiveFiber,0.0,0.0,0.0,0.0,0.0
control45,237,passiveFiber,1.6964207816272392e-13,1.6964207816272392e-13,2.12041804685098e-17,2.12041804685098e-17,4.3832263665020965e-13
control45,240,passiveFiber,1.7319479184152442e-13,1.7319479184152442e-13,9.674525571026632e-19,9.674525571026632e-19,6.235650440688774e-13
control45,243,passiveFiber,6.039613253960852e-13,6.039613253960852e-13,4.083094426578539e-17,4.083094426578539e-17,1.810796738249687e-12
control45,244,passiveFiber,4.263256414560601e-13,4.263256414560601e-13,2.0414970295923007e-17,2.0414970295923007e-17,1.6861841783955e-12
control45,246,passiveFiber,7.779319614330372e-13,7.792142996065175e-13,2.2231258368603587e-18,9.964601555516552e-18,3.656860007485874e-12
control45,247,passiveFiber,3.987499205303712e-13,3.9874992455029405e-13,8.387197323023946e-18,1.0251525334698895e-17,1.6222268166851593e-12
control45,248,passiveFiber,7.850294258014739e-13,7.850332305168434e-13,8.227541410322017e-18,8.23874533450237e-18,2.901919099840841e-12
control45,195,activePotential,4.779510121011299e-13,4.779510121011299e-13,4.7524866260179885e-18,4.7524866260179885e-18,2.448887121732357e-12
control45,196,activePotential,1.110556091532544e-12,1.110556091532544e-12,5.679005098839637e-18,5.679005098839637e-18,7.100713680235904e-12
control45,197,activePotential,6.600104281188705e-12,6.6009493611426815e-12,1.675271265443745e-17,1.9546622366245135e-17,7.152643372183959e-11
control45,198,activePotential,2.361888462587558e-12,2.361888462587558e-12,2.9293430228292694e-17,2.9293430228292694e-17,1.5936455930939952e-11
control45,199,activePotential,7.153166947659884e-13,7.153166947659884e-13,3.959452073090528e-19,3.959452073090528e-19,3.698541744135558e-12
control45,200,activePotential,6.242487848610081e-13,6.242892339135862e-13,6.075836468800228e-19,1.657490556894756e-18,2.9229598906023415e-12
control45,202,activePotential,2.398081733190338e-12,2.398081733190338e-12,5.731836143567334e-17,5.731836143567334e-17,1.12736009763581e-11
control45,203,activePotential,4.34395100201282e-12,4.368412027898718e-12,2.1179832398192872e-16,2.408916737214913e-16,2.4351009759699828e-11
control45,206,activePotential,1.1057229504361204e-12,1.2462531946012721e-12,2.2436238917988414e-18,2.2768394994148483e-17,5.633151510686634e-12
control45,237,activePotential,0.0,0.0,0.0,0.0,0.0
control45,240,activePotential,0.0,0.0,0.0,0.0,0.0
control45,243,activePotential,0.0,0.0,0.0,0.0,0.0
control45,244,activePotential,0.0,0.0,0.0,0.0,0.0
control45,246,activePotential,0.0,0.0,0.0,0.0,0.0
control45,247,activePotential,0.0,0.0,0.0,0.0,0.0
control45,248,activePotential,0.0,0.0,0.0,0.0,0.0
control45,195,total,3.028276296390686e-09,3.028276296390686e-09,1.2120695114659905e-13,1.2120695114659905e-13,1.484416226396612e-08
control45,196,total,3.76854458750131e-09,3.76854458750131e-09,1.800491784953762e-13,1.800491784953762e-13,2.4505147051302745e-08
control45,197,total,7.573899471195552e-06,7.5738994713915316e-06,1.9886966545227058e-10,1.9886966545247978e-10,6.369404904324501e-05
control45,198,total,2.7803515045832228e-09,2.7803515045832228e-09,1.0511597406307158e-13,1.0511597406307158e-13,1.4837692494801269e-08
control45,199,total,2.0513321041804033e-09,2.0513321041804033e-09,2.7546379826581453e-14,2.7546379826581453e-14,1.4149078159109152e-08
control45,200,total,7.6847167761797e-06,7.68471677623005e-06,5.986904845884002e-11,5.986904848345043e-11,5.623775605824816e-05
control45,202,total,8.494644987422362e-09,8.494644987422362e-09,4.350369892778573e-13,4.350369892778573e-13,6.237854513480023e-08
control45,203,total,1.8430122219294423e-05,1.8430122219294684e-05,3.01171343043232e-10,3.0117134310000486e-10,0.00012599584423118458
control45,206,total,1.8465028211924865e-05,1.8465028211944516e-05,1.3649506265024828e-10,1.3649506399564729e-10,0.00012725722234095522
control45,237,total,4.798508257408685e-10,4.798508257408685e-10,2.6388885125014953e-14,2.6388885125014953e-14,2.6615432217099583e-09
control45,240,total,4.5696424422203563e-10,4.5696424422203563e-10,3.035120049007911e-14,3.035120049007911e-14,2.4938737580492624e-09
control45,243,total,1.1214922324143117e-09,1.1214922324143117e-09,5.0721890803983266e-14,5.0721890803983266e-14,5.280977028940259e-09
control45,244,total,4.3375081304475316e-10,4.3375081304475316e-10,4.1030543629799776e-14,4.1030543629799776e-14,2.4075267942430534e-09
control45,246,total,2.3073196871501404e-08,2.3073205437532692e-08,3.2888957959500954e-13,3.2889115900411e-13,1.1252100420930275e-07
control45,247,total,1.7457019668212702e-11,1.7481814376142503e-11,5.127498152821844e-16,5.324080585008223e-16,1.0483407116405242e-10
control45,248,total,8.144790556477489e-13,8.553380067546384e-13,1.4798432493120027e-17,1.9234462821413744e-17,7.208754638525135e-12
terminal46,195,matrix,1.2663897708264926e-12,1.2663897708264926e-12,5.28610219699593e-17,5.28610219699593e-17,6.675284535063086e-12
terminal46,196,matrix,9.094920996877143e-13,9.094920996877143e-13,4.536663721407e-17,4.536663721407e-17,7.28196855300043e-12
terminal46,197,matrix,5.737758895411297e-08,5.737758895418115e-08,1.5221348871135056e-12,1.522134887529635e-12,3.3832999153433904e-07
terminal46,198,matrix,1.2377755070902552e-12,1.2377755070902552e-12,4.6561225140384676e-17,4.6561225140384676e-17,7.273448485753224e-12
terminal46,199,matrix,3.06497102003922e-12,3.06497102003922e-12,4.0965476784573704e-17,4.0965476784573704e-17,2.0235423620475028e-11
terminal46,200,matrix,1.564828608854971e-08,1.564828608854979e-08,1.861429993698355e-13,1.8614299938701132e-13,1.1150470847255525e-07
terminal46,202,matrix,5.035081292875665e-12,5.035081292875665e-12,2.1483375723436903e-16,2.1483375723436903e-16,3.464386393081979e-11
terminal46,203,matrix,3.807507912049204e-08,3.8075079120492386e-08,8.917852781388298e-13,8.917852781929543e-13,2.8809170991508345e-07
terminal46,206,matrix,1.4829401587072345e-07,1.4829401587072683e-07,2.0690074413435743e-12,2.069007441361166e-12,7.682040533443707e-07
terminal46,237,matrix,2.926131559277678e-14,2.926131559277678e-14,3.1668305827193585e-19,3.1668305827193585e-19,1.0971206785398945e-13
terminal46,240,matrix,3.226585665316861e-15,3.226585665316861e-15,9.517003319970451e-20,9.517003319970451e-20,1.0797943824345825e-14
terminal46,243,matrix,4.446304435745674e-13,4.446304435745674e-13,1.8399785546369752e-17,1.8399785546369752e-17,2.239655880661973e-12
terminal46,244,matrix,6.095887683521539e-13,6.095887683521539e-13,1.1069251113118042e-17,1.1069251113118042e-17,3.9133364280465825e-12
terminal46,246,matrix,1.646488516403438e-08,1.6464885164332034e-08,2.9750826423752213e-13,2.975082816759843e-13,6.797703315122053e-08
terminal46,247,matrix,1.2982265786968233e-09,1.2982265786971968e-09,9.517464014061681e-14,9.517469797437781e-14,8.994017203813695e-09
terminal46,248,matrix,4.048132785039683e-15,4.4077053087061435e-15,1.3522353517029739e-20,5.669298631562173e-20,3.043779782482561e-14
terminal46,195,volume,1.3973666668221085e-09,1.3973666668221085e-09,5.841199431489822e-14,5.841199431489822e-14,7.47335719957637e-09
terminal46,196,volume,9.365033193375893e-10,9.365033193375893e-10,4.87494180326732e-14,4.87494180326732e-14,7.470101162643239e-09
terminal46,197,volume,5.044109096175256e-05,5.044109096178933e-05,1.3204380015816674e-09,1.3204380015839634e-09,0.00029243808370816833
terminal46,198,volume,1.34855149269697e-09,1.34855149269697e-09,5.0319939483663336e-14,5.0319939483663336e-14,7.850880695547957e-09
terminal46,199,volume,3.209575938356579e-09,3.209575938356579e-09,3.871793051482787e-14,3.871793051482787e-14,2.0032020887558732e-08
terminal46,200,volume,1.4383758069014414e-05,1.4383758069073439e-05,1.7099993324872048e-10,1.7099993324891445e-10,0.00010368195713859936
terminal46,202,volume,5.204224606814023e-09,5.204224606814023e-09,2.2752925977085623e-13,2.2752925977085623e-13,3.608483142847341e-08
terminal46,203,volume,3.44973550197279e-05,3.449735501972897e-05,6.768201628737322e-10,6.76820162873909e-10,0.0002519830921783976
terminal46,206,volume,0.00012626837993227603,0.00012626837993228075,1.6276291255176629e-09,1.6276291255330617e-09,0.0006376015995061106
terminal46,237,volume,1.0514256132410083e-11,1.0514256132410083e-11,2.1925653337217595e-16,2.1925653337217595e-16,4.0090954427779435e-11
terminal46,240,volume,4.654054919228656e-13,4.654054919228656e-13,4.7886567698114024e-17,4.7886567698114024e-17,1.8238156210964585e-12
terminal46,243,volume,1.6409984482379514e-10,1.6409984482379514e-10,6.876876773907651e-15,6.876876773907651e-15,8.240396481493106e-10
terminal46,244,volume,2.2609114580518508e-10,2.2609114580518508e-10,4.141566951357998e-15,4.141566951357998e-15,1.4506466080449476e-09
terminal46,246,volume,5.372160752270219e-06,5.372160752513455e-06,9.655538369025723e-11,9.655538464800828e-11,2.2163702719793638e-05
terminal46,247,volume,3.5150308144165134e-07,3.515030814416538e-07,2.279704039284725e-11,2.2797041653822267e-11,2.3293965538295453e-06
terminal46,248,volume,7.751019817879292e-13,1.2223991464274754e-12,1.11052397746765e-17,2.739678467256562e-17,6.266024441155691e-12
terminal46,195,passiveFiber,0.0,0.0,0.0,0.0,0.0
terminal46,196,passiveFiber,0.0,0.0,0.0,0.0,0.0
terminal46,197,passiveFiber,0.0,0.0,0.0,0.0,0.0
terminal46,198,passiveFiber,0.0,0.0,0.0,0.0,0.0
terminal46,199,passiveFiber,0.0,0.0,0.0,0.0,0.0
terminal46,200,passiveFiber,0.0,0.0,0.0,0.0,0.0
terminal46,202,passiveFiber,0.0,0.0,0.0,0.0,0.0
terminal46,203,passiveFiber,0.0,0.0,0.0,0.0,0.0
terminal46,206,passiveFiber,0.0,0.0,0.0,0.0,0.0
terminal46,237,passiveFiber,1.438849039914203e-13,1.438849039914203e-13,4.0341875153506635e-18,4.0341875153506635e-18,5.210869984204752e-13
terminal46,240,passiveFiber,5.3290705182007514e-14,5.3290705182007514e-14,4.269548138785435e-18,4.269548138785435e-18,2.886956103355083e-13
terminal46,243,passiveFiber,8.739675649849232e-13,8.739675649849232e-13,4.022580313311119e-17,4.022580313311119e-17,3.4614732954962868e-12
terminal46,244,passiveFiber,3.659295089164516e-13,3.659295089164516e-13,6.2483440293404474e-18,6.2483440293404474e-18,1.0586657486527824e-12
terminal46,246,passiveFiber,1.9012159922336242e-12,1.976822206866834e-12,2.8506526601679334e-19,7.375242688534608e-19,6.752462030342977e-12
terminal46,247,passiveFiber,4.759026463428185e-13,4.759031487907295e-13,1.3529894386753723e-17,1.387619798684636e-17,1.911610132362616e-12
terminal46,248,passiveFiber,6.786524125175726e-13,7.09527388114956e-13,2.5442382050898553e-18,2.546718541389652e-18,2.9181568722333175e-12
terminal46,195,activePotential,6.24389429049188e-13,6.24389429049188e-13,3.4794091728703135e-17,3.4794091728703135e-17,3.6093391730246394e-12
terminal46,196,activePotential,1.4097611966690238e-12,1.4097611966690238e-12,3.355984066670821e-19,3.355984066670821e-19,1.2098497334175895e-11
terminal46,197,activePotential,6.417374837113896e-12,6.419177215124126e-12,1.332227207365418e-16,1.3382899257040577e-16,5.001994686043001e-11
terminal46,198,activePotential,2.8881341762598822e-12,2.8881341762598822e-12,4.5307457237428805e-17,4.5307457237428805e-17,1.8825630290764117e-11
terminal46,199,activePotential,3.9468428525424315e-13,3.9468428525424315e-13,1.5720043239901157e-17,1.5720043239901157e-17,2.9598970843758288e-12
terminal46,200,activePotential,6.258201284098373e-13,6.282878326845969e-13,4.2568458209072555e-18,5.538978445120472e-18,3.5809734647931093e-12
terminal46,202,activePotential,2.2923885012460232e-12,2.2923885012460232e-12,6.960942607475099e-17,6.960942607475099e-17,1.544171734924049e-11
terminal46,203,activePotential,9.62024818404168e-12,9.62602178661413e-12,8.991759624426118e-16,9.268678781285127e-16,5.321980598237092e-11
terminal46,206,activePotential,5.581725913196106e-13,8.159547629933019e-13,4.1540949354393965e-18,2.910508331858599e-17,6.744514356811944e-12
terminal46,237,activePotential,0.0,0.0,0.0,0.0,0.0
terminal46,240,activePotential,0.0,0.0,0.0,0.0,0.0
terminal46,243,activePotential,0.0,0.0,0.0,0.0,0.0
terminal46,244,activePotential,0.0,0.0,0.0,0.0,0.0
terminal46,246,activePotential,0.0,0.0,0.0,0.0,0.0
terminal46,247,activePotential,0.0,0.0,0.0,0.0,0.0
terminal46,248,activePotential,0.0,0.0,0.0,0.0,0.0
terminal46,195,total,1.398461346724389e-09,1.398461346724389e-09,5.845233280362732e-14,5.845233280362732e-14,7.481693722888316e-09
terminal46,196,total,9.385874299994157e-10,9.385874299994157e-10,4.879478731675997e-14,4.879478731675997e-14,7.483108369066294e-09
terminal46,197,total,5.049847104404309e-05,5.049847104407532e-05,1.3219600023109107e-09,1.3219600023109696e-09,0.00029277640579953944
terminal46,198,total,1.3526797459917361e-09,1.3526797459917361e-09,5.038968080713112e-14,5.038968080713112e-14,7.871848833364281e-09
terminal46,199,total,3.2129066039610077e-09,3.2129066039610077e-09,3.8783517326829495e-14,3.8783517326829495e-14,2.0053261717400267e-08
terminal46,200,total,1.4399406483284133e-05,1.4399406483347401e-05,1.7118607129573348e-10,1.711860712957416e-10,0.0001037933666645587
terminal46,202,total,5.209709996734091e-09,5.209709996734091e-09,2.2773604178349677e-13,2.2773604178349677e-13,3.6128213087849304e-08
terminal46,203,total,3.453543688329699e-05,3.4535436883298615e-05,6.777128688497478e-10,6.777128690522957e-10,0.00025227121972850556
terminal46,206,total,0.0001264166739208471,0.00012641667392085184,1.6296981402446323e-09,1.6296981402617144e-09,0.0006383698026537052
terminal46,237,total,1.0977885267493548e-11,1.0977885267493548e-11,9.752057449094915e-17,9.752057449094915e-17,4.013553248430335e-11
terminal46,240,total,8.348877145181177e-13,8.348877145181177e-13,7.627408649920092e-17,7.627408649920092e-17,2.777449277513444e-12
terminal46,243,total,1.6328982610502862e-10,1.6328982610502862e-10,6.8953542556308295e-15,6.8953542556308295e-15,8.240929926309204e-10
terminal46,244,total,2.270432730711036e-10,2.270432730711036e-10,4.295695098212521e-15,4.295695098212521e-15,1.4582258664463943e-09
terminal46,246,total,5.388625627156081e-06,5.3886256273996355e-06,9.685288862969124e-11,9.685289001359888e-11,2.2231668691962263e-05
terminal46,247,total,3.5280123305415744e-07,3.528012330541583e-07,2.2892249013282217e-11,2.2892249982616707e-11,2.338390135484873e-06
terminal46,248,total,7.672201327875047e-13,1.2961714581473049e-12,1.573673338690942e-17,3.040184903323851e-17,9.214484505928814e-12
